Date,Month,Port_Name,Vessels_In_Queue,Cargo_Traffic_KMT,Waiting_Days
2025-04-29,4,Haldia Dock Complex,5,40.2,3.71
2025-04-29,4,Paradip Port,4,49.1,2.85
2025-04-29,4,Vizag Port,4,80.1,2.26
2025-04-29,4,Dhamra Port,5,39.3,2.15
2025-04-29,4,Hay Point Coal Terminal,2,104.3,2.05
2025-04-29,4,Taboneo Anchorage,4,101.5,2.4
2025-04-30,4,Haldia Dock Complex,5,105.8,4.02
2025-04-30,4,Paradip Port,3,59.4,2.72
2025-04-30,4,Vizag Port,4,75.1,2.39
2025-04-30,4,Dhamra Port,4,94.7,2.35
2025-04-30,4,Hay Point Coal Terminal,4,44.3,2.24
2025-04-30,4,Taboneo Anchorage,2,59.4,2.14
2025-05-01,5,Haldia Dock Complex,7,91.5,4.88
2025-05-01,5,Paradip Port,1,43.8,1.98
2025-05-01,5,Vizag Port,2,72.6,1.97
2025-05-01,5,Dhamra Port,3,56.9,2.16
2025-05-01,5,Hay Point Coal Terminal,6,100.3,3.03
2025-05-01,5,Taboneo Anchorage,3,66.8,2.17
2025-05-02,5,Haldia Dock Complex,2,72.8,3.08
2025-05-02,5,Paradip Port,4,86.6,2.75
2025-05-02,5,Vizag Port,6,38.7,2.46
2025-05-02,5,Dhamra Port,3,46.4,2.52
2025-05-02,5,Hay Point Coal Terminal,6,62.5,2.84
2025-05-02,5,Taboneo Anchorage,4,38.9,2.42
2025-05-03,5,Haldia Dock Complex,2,72.9,3.49
2025-05-03,5,Paradip Port,4,60.6,2.46
2025-05-03,5,Vizag Port,6,74.1,2.56
2025-05-03,5,Dhamra Port,10,47.6,3.05
2025-05-03,5,Hay Point Coal Terminal,2,43.3,1.9
2025-05-03,5,Taboneo Anchorage,5,89.7,2.31
2025-05-04,5,Haldia Dock Complex,5,55.1,3.9
2025-05-04,5,Paradip Port,6,56.2,2.93
2025-05-04,5,Vizag Port,2,103.7,2.14
2025-05-04,5,Dhamra Port,7,76.1,2.93
2025-05-04,5,Hay Point Coal Terminal,6,73.3,2.69
2025-05-04,5,Taboneo Anchorage,9,93.5,3.28
2025-05-05,5,Haldia Dock Complex,6,77.6,3.98
2025-05-05,5,Paradip Port,3,38.7,2.34
2025-05-05,5,Vizag Port,5,80.8,2.98
2025-05-05,5,Dhamra Port,7,41.6,2.98
2025-05-05,5,Hay Point Coal Terminal,4,48.5,2.1
2025-05-05,5,Taboneo Anchorage,8,53.8,2.69
2025-05-06,5,Haldia Dock Complex,2,44.4,3.31
2025-05-06,5,Paradip Port,3,48.5,2.65
2025-05-06,5,Vizag Port,4,63.0,2.28
2025-05-06,5,Dhamra Port,3,82.3,2.68
2025-05-06,5,Hay Point Coal Terminal,3,63.9,2.0
2025-05-06,5,Taboneo Anchorage,6,43.3,2.89
2025-05-07,5,Haldia Dock Complex,1,85.2,3.23
2025-05-07,5,Paradip Port,3,44.5,2.37
2025-05-07,5,Vizag Port,7,94.1,2.87
2025-05-07,5,Dhamra Port,8,101.0,3.08
2025-05-07,5,Hay Point Coal Terminal,5,101.2,2.55
2025-05-07,5,Taboneo Anchorage,7,90.2,2.73
2025-05-08,5,Haldia Dock Complex,4,75.6,3.87
2025-05-08,5,Paradip Port,2,90.8,2.52
2025-05-08,5,Vizag Port,2,86.5,1.99
2025-05-08,5,Dhamra Port,4,104.2,2.52
2025-05-08,5,Hay Point Coal Terminal,5,66.5,2.37
2025-05-08,5,Taboneo Anchorage,2,44.5,1.87
2025-05-09,5,Haldia Dock Complex,7,105.4,4.32
2025-05-09,5,Paradip Port,5,68.7,2.9
2025-05-09,5,Vizag Port,4,104.4,2.45
2025-05-09,5,Dhamra Port,4,78.0,2.54
2025-05-09,5,Hay Point Coal Terminal,5,94.6,2.39
2025-05-09,5,Taboneo Anchorage,8,37.9,2.84
2025-05-10,5,Haldia Dock Complex,5,105.8,4.03
2025-05-10,5,Paradip Port,3,98.3,2.8
2025-05-10,5,Vizag Port,9,104.7,2.95
2025-05-10,5,Dhamra Port,5,91.6,2.67
2025-05-10,5,Hay Point Coal Terminal,6,38.1,2.57
2025-05-10,5,Taboneo Anchorage,3,61.2,2.38
2025-05-11,5,Haldia Dock Complex,7,80.8,3.81
2025-05-11,5,Paradip Port,5,41.5,2.75
2025-05-11,5,Vizag Port,2,46.0,1.66
2025-05-11,5,Dhamra Port,5,38.9,2.39
2025-05-11,5,Hay Point Coal Terminal,2,42.4,1.84
2025-05-11,5,Taboneo Anchorage,4,93.6,2.21
2025-05-12,5,Haldia Dock Complex,4,55.9,3.7
2025-05-12,5,Paradip Port,3,80.5,2.8
2025-05-12,5,Vizag Port,3,54.2,2.19
2025-05-12,5,Dhamra Port,4,53.5,2.28
2025-05-12,5,Hay Point Coal Terminal,2,59.2,1.82
2025-05-12,5,Taboneo Anchorage,6,74.7,2.41
2025-05-13,5,Haldia Dock Complex,4,62.1,3.8
2025-05-13,5,Paradip Port,4,47.0,3.02
2025-05-13,5,Vizag Port,2,56.5,1.94
2025-05-13,5,Dhamra Port,7,48.3,2.48
2025-05-13,5,Hay Point Coal Terminal,6,59.3,2.6
2025-05-13,5,Taboneo Anchorage,3,77.8,1.64
2025-05-14,5,Haldia Dock Complex,3,60.2,3.33
2025-05-14,5,Paradip Port,9,88.6,3.75
2025-05-14,5,Vizag Port,3,77.4,2.16
2025-05-14,5,Dhamra Port,3,94.6,2.3
2025-05-14,5,Hay Point Coal Terminal,7,69.3,2.96
2025-05-14,5,Taboneo Anchorage,7,103.7,2.75
2025-05-15,5,Haldia Dock Complex,5,100.4,3.85
2025-05-15,5,Paradip Port,3,77.0,2.72
2025-05-15,5,Vizag Port,6,64.6,2.48
2025-05-15,5,Dhamra Port,6,60.9,2.63
2025-05-15,5,Hay Point Coal Terminal,6,78.2,3.13
2025-05-15,5,Taboneo Anchorage,3,86.2,2.26
2025-05-16,5,Haldia Dock Complex,6,103.3,4.1
2025-05-16,5,Paradip Port,4,98.6,3.05
2025-05-16,5,Vizag Port,3,60.1,1.9
2025-05-16,5,Dhamra Port,6,68.6,2.26
2025-05-16,5,Hay Point Coal Terminal,3,101.9,2.53
2025-05-16,5,Taboneo Anchorage,1,83.8,1.55
2025-05-17,5,Haldia Dock Complex,3,42.1,3.36
2025-05-17,5,Paradip Port,3,100.7,2.78
2025-05-17,5,Vizag Port,2,70.0,1.86
2025-05-17,5,Dhamra Port,6,49.1,2.52
2025-05-17,5,Hay Point Coal Terminal,6,47.2,2.67
2025-05-17,5,Taboneo Anchorage,1,52.6,2.02
2025-05-18,5,Haldia Dock Complex,2,93.6,3.57
2025-05-18,5,Paradip Port,2,88.0,2.33
2025-05-18,5,Vizag Port,6,36.9,2.1
2025-05-18,5,Dhamra Port,6,80.9,3.01
2025-05-18,5,Hay Point Coal Terminal,6,98.5,2.94
2025-05-18,5,Taboneo Anchorage,2,55.3,1.92
2025-05-19,5,Haldia Dock Complex,4,106.9,3.58
2025-05-19,5,Paradip Port,1,101.8,2.48
2025-05-19,5,Vizag Port,3,82.9,2.12
2025-05-19,5,Dhamra Port,0,45.9,1.68
2025-05-19,5,Hay Point Coal Terminal,8,73.4,2.85
2025-05-19,5,Taboneo Anchorage,4,87.8,2.43
2025-05-20,5,Haldia Dock Complex,6,38.2,3.91
2025-05-20,5,Paradip Port,3,91.5,2.4
2025-05-20,5,Vizag Port,1,88.4,2.34
2025-05-20,5,Dhamra Port,6,62.0,2.55
2025-05-20,5,Hay Point Coal Terminal,3,68.1,2.18
2025-05-20,5,Taboneo Anchorage,8,107.1,2.82
2025-05-21,5,Haldia Dock Complex,4,76.9,3.47
2025-05-21,5,Paradip Port,8,78.9,3.61
2025-05-21,5,Vizag Port,2,86.1,2.33
2025-05-21,5,Dhamra Port,3,59.0,1.92
2025-05-21,5,Hay Point Coal Terminal,4,98.6,2.59
2025-05-21,5,Taboneo Anchorage,10,66.3,3.19
2025-05-22,5,Haldia Dock Complex,3,56.7,3.23
2025-05-22,5,Paradip Port,1,107.1,2.33
2025-05-22,5,Vizag Port,6,66.1,3.04
2025-05-22,5,Dhamra Port,6,52.6,2.38
2025-05-22,5,Hay Point Coal Terminal,2,92.1,2.01
2025-05-22,5,Taboneo Anchorage,8,94.7,2.99
2025-05-23,5,Haldia Dock Complex,4,42.6,3.44
2025-05-23,5,Paradip Port,7,65.4,3.29
2025-05-23,5,Vizag Port,4,51.9,2.11
2025-05-23,5,Dhamra Port,8,99.3,3.09
2025-05-23,5,Hay Point Coal Terminal,10,99.4,3.31
2025-05-23,5,Taboneo Anchorage,6,56.7,2.56
2025-05-24,5,Haldia Dock Complex,7,90.8,4.31
2025-05-24,5,Paradip Port,6,57.7,3.0
2025-05-24,5,Vizag Port,3,80.7,2.09
2025-05-24,5,Dhamra Port,2,59.3,2.02
2025-05-24,5,Hay Point Coal Terminal,7,47.8,2.77
2025-05-24,5,Taboneo Anchorage,3,55.7,2.28
2025-05-25,5,Haldia Dock Complex,6,55.7,3.87
2025-05-25,5,Paradip Port,3,82.9,2.71
2025-05-25,5,Vizag Port,9,81.1,3.14
2025-05-25,5,Dhamra Port,3,85.4,2.37
2025-05-25,5,Hay Point Coal Terminal,3,77.9,2.36
2025-05-25,5,Taboneo Anchorage,2,41.2,1.73
2025-05-26,5,Haldia Dock Complex,7,70.6,4.05
2025-05-26,5,Paradip Port,6,59.5,2.92
2025-05-26,5,Vizag Port,3,41.7,1.81
2025-05-26,5,Dhamra Port,4,43.5,2.11
2025-05-26,5,Hay Point Coal Terminal,4,75.0,2.46
2025-05-26,5,Taboneo Anchorage,6,94.8,2.8
2025-05-27,5,Haldia Dock Complex,4,40.3,3.37
2025-05-27,5,Paradip Port,5,83.4,2.87
2025-05-27,5,Vizag Port,7,85.0,2.77
2025-05-27,5,Dhamra Port,7,98.4,2.56
2025-05-27,5,Hay Point Coal Terminal,7,78.6,3.09
2025-05-27,5,Taboneo Anchorage,5,105.9,2.91
2025-05-28,5,Haldia Dock Complex,5,73.1,4.05
2025-05-28,5,Paradip Port,4,59.4,2.35
2025-05-28,5,Vizag Port,4,41.3,2.17
2025-05-28,5,Dhamra Port,6,48.1,2.23
2025-05-28,5,Hay Point Coal Terminal,3,96.8,2.36
2025-05-28,5,Taboneo Anchorage,3,40.1,2.26
2025-05-29,5,Haldia Dock Complex,3,68.6,3.45
2025-05-29,5,Paradip Port,2,107.0,2.72
2025-05-29,5,Vizag Port,1,104.5,2.21
2025-05-29,5,Dhamra Port,4,38.2,2.21
2025-05-29,5,Hay Point Coal Terminal,5,84.4,2.74
2025-05-29,5,Taboneo Anchorage,8,38.2,2.71
2025-05-30,5,Haldia Dock Complex,7,83.4,4.15
2025-05-30,5,Paradip Port,10,67.4,3.7
2025-05-30,5,Vizag Port,3,59.4,1.84
2025-05-30,5,Dhamra Port,4,52.4,1.88
2025-05-30,5,Hay Point Coal Terminal,4,63.3,2.28
2025-05-30,5,Taboneo Anchorage,2,63.4,2.19
2025-05-31,5,Haldia Dock Complex,8,50.1,4.1
2025-05-31,5,Paradip Port,4,71.0,2.83
2025-05-31,5,Vizag Port,4,58.4,2.54
2025-05-31,5,Dhamra Port,3,85.0,2.38
2025-05-31,5,Hay Point Coal Terminal,3,76.8,2.46
2025-05-31,5,Taboneo Anchorage,4,95.0,2.41
2025-06-01,6,Haldia Dock Complex,8,122.9,5.58
2025-06-01,6,Paradip Port,6,118.7,3.78
2025-06-01,6,Vizag Port,3,109.6,2.99
2025-06-01,6,Dhamra Port,7,89.1,3.74
2025-06-01,6,Hay Point Coal Terminal,7,55.6,3.01
2025-06-01,6,Taboneo Anchorage,4,124.8,2.82
2025-06-02,6,Haldia Dock Complex,9,101.5,5.41
2025-06-02,6,Paradip Port,5,99.4,3.99
2025-06-02,6,Vizag Port,7,86.3,3.3
2025-06-02,6,Dhamra Port,5,127.3,3.34
2025-06-02,6,Hay Point Coal Terminal,4,82.6,2.45
2025-06-02,6,Taboneo Anchorage,10,126.5,4.03
2025-06-03,6,Haldia Dock Complex,7,64.7,4.77
2025-06-03,6,Paradip Port,9,96.2,4.49
2025-06-03,6,Vizag Port,3,50.5,2.6
2025-06-03,6,Dhamra Port,5,68.7,2.9
2025-06-03,6,Hay Point Coal Terminal,5,53.6,2.71
2025-06-03,6,Taboneo Anchorage,4,96.9,2.8
2025-06-04,6,Haldia Dock Complex,9,66.7,5.05
2025-06-04,6,Paradip Port,4,94.2,3.11
2025-06-04,6,Vizag Port,3,99.4,2.55
2025-06-04,6,Dhamra Port,5,79.2,2.94
2025-06-04,6,Hay Point Coal Terminal,11,72.4,3.79
2025-06-04,6,Taboneo Anchorage,7,118.8,3.63
2025-06-05,6,Haldia Dock Complex,3,116.8,4.47
2025-06-05,6,Paradip Port,5,57.4,3.7
2025-06-05,6,Vizag Port,4,140.9,3.3
2025-06-05,6,Dhamra Port,6,98.9,3.04
2025-06-05,6,Hay Point Coal Terminal,7,125.9,3.31
2025-06-05,6,Taboneo Anchorage,8,59.7,3.37
2025-06-06,6,Haldia Dock Complex,10,128.8,5.92
2025-06-06,6,Paradip Port,6,60.6,3.75
2025-06-06,6,Vizag Port,9,102.2,3.81
2025-06-06,6,Dhamra Port,4,71.7,2.83
2025-06-06,6,Hay Point Coal Terminal,7,107.1,3.28
2025-06-06,6,Taboneo Anchorage,2,121.1,2.48
2025-06-07,6,Haldia Dock Complex,4,79.4,4.51
2025-06-07,6,Paradip Port,10,107.5,4.27
2025-06-07,6,Vizag Port,6,103.7,3.59
2025-06-07,6,Dhamra Port,7,80.1,3.63
2025-06-07,6,Hay Point Coal Terminal,7,56.5,3.23
2025-06-07,6,Taboneo Anchorage,10,102.9,3.54
2025-06-08,6,Haldia Dock Complex,4,50.3,4.35
2025-06-08,6,Paradip Port,7,125.1,4.23
2025-06-08,6,Vizag Port,3,117.9,2.27
2025-06-08,6,Dhamra Port,8,53.5,3.24
2025-06-08,6,Hay Point Coal Terminal,5,120.9,3.45
2025-06-08,6,Taboneo Anchorage,2,54.0,2.32
2025-06-09,6,Haldia Dock Complex,6,111.7,5.07
2025-06-09,6,Paradip Port,6,110.8,3.96
2025-06-09,6,Vizag Port,6,62.5,2.87
2025-06-09,6,Dhamra Port,6,116.0,3.12
2025-06-09,6,Hay Point Coal Terminal,4,138.8,3.18
2025-06-09,6,Taboneo Anchorage,5,125.4,3.36
2025-06-10,6,Haldia Dock Complex,4,63.8,4.75
2025-06-10,6,Paradip Port,9,54.3,3.87
2025-06-10,6,Vizag Port,7,122.5,3.1
2025-06-10,6,Dhamra Port,10,130.3,3.99
2025-06-10,6,Hay Point Coal Terminal,5,133.8,3.03
2025-06-10,6,Taboneo Anchorage,9,108.9,3.78
2025-06-11,6,Haldia Dock Complex,4,101.7,5.07
2025-06-11,6,Paradip Port,8,93.2,4.11
2025-06-11,6,Vizag Port,7,127.3,3.44
2025-06-11,6,Dhamra Port,6,128.8,3.27
2025-06-11,6,Hay Point Coal Terminal,7,64.8,3.09
2025-06-11,6,Taboneo Anchorage,7,77.2,3.34
2025-06-12,6,Haldia Dock Complex,10,90.9,5.78
2025-06-12,6,Paradip Port,5,119.0,3.72
2025-06-12,6,Vizag Port,7,140.4,3.37
2025-06-12,6,Dhamra Port,6,71.2,3.27
2025-06-12,6,Hay Point Coal Terminal,2,105.4,2.42
2025-06-12,6,Taboneo Anchorage,7,55.6,2.91
2025-06-13,6,Haldia Dock Complex,6,54.1,4.84
2025-06-13,6,Paradip Port,7,89.3,4.13
2025-06-13,6,Vizag Port,10,97.2,3.74
2025-06-13,6,Dhamra Port,8,82.7,3.25
2025-06-13,6,Hay Point Coal Terminal,3,141.3,2.91
2025-06-13,6,Taboneo Anchorage,5,48.7,2.38
2025-06-14,6,Haldia Dock Complex,2,80.5,4.37
2025-06-14,6,Paradip Port,6,81.1,3.97
2025-06-14,6,Vizag Port,7,88.5,3.46
2025-06-14,6,Dhamra Port,6,109.1,3.21
2025-06-14,6,Hay Point Coal Terminal,2,106.0,2.49
2025-06-14,6,Taboneo Anchorage,5,54.8,2.89
2025-06-15,6,Haldia Dock Complex,7,109.1,5.24
2025-06-15,6,Paradip Port,5,61.6,3.61
2025-06-15,6,Vizag Port,2,94.7,2.46
2025-06-15,6,Dhamra Port,8,74.4,3.39
2025-06-15,6,Hay Point Coal Terminal,10,105.7,4.04
2025-06-15,6,Taboneo Anchorage,5,62.8,3.09
2025-06-16,6,Haldia Dock Complex,4,87.3,4.86
2025-06-16,6,Paradip Port,6,94.6,3.54
2025-06-16,6,Vizag Port,4,51.0,2.44
2025-06-16,6,Dhamra Port,3,134.4,2.85
2025-06-16,6,Hay Point Coal Terminal,9,85.0,3.68
2025-06-16,6,Taboneo Anchorage,7,66.7,2.78
2025-06-17,6,Haldia Dock Complex,5,103.7,4.83
2025-06-17,6,Paradip Port,9,51.8,3.79
2025-06-17,6,Vizag Port,8,123.9,3.67
2025-06-17,6,Dhamra Port,9,75.4,3.46
2025-06-17,6,Hay Point Coal Terminal,10,103.1,4.05
2025-06-17,6,Taboneo Anchorage,7,93.8,3.28
2025-06-18,6,Haldia Dock Complex,7,68.2,4.88
2025-06-18,6,Paradip Port,4,120.3,3.77
2025-06-18,6,Vizag Port,7,87.1,3.15
2025-06-18,6,Dhamra Port,4,139.7,3.07
2025-06-18,6,Hay Point Coal Terminal,6,55.0,2.65
2025-06-18,6,Taboneo Anchorage,8,109.5,3.39
2025-06-19,6,Haldia Dock Complex,8,108.0,5.38
2025-06-19,6,Paradip Port,8,95.7,3.98
2025-06-19,6,Vizag Port,3,119.9,2.72
2025-06-19,6,Dhamra Port,4,71.7,2.76
2025-06-19,6,Hay Point Coal Terminal,4,128.9,3.25
2025-06-19,6,Taboneo Anchorage,8,108.7,3.41
2025-06-20,6,Haldia Dock Complex,2,116.5,4.52
2025-06-20,6,Paradip Port,7,82.6,3.88
2025-06-20,6,Vizag Port,7,121.7,3.71
2025-06-20,6,Dhamra Port,8,61.1,3.24
2025-06-20,6,Hay Point Coal Terminal,8,83.3,3.07
2025-06-20,6,Taboneo Anchorage,3,49.9,2.52
2025-06-21,6,Haldia Dock Complex,6,92.6,4.97
2025-06-21,6,Paradip Port,7,121.9,4.17
2025-06-21,6,Vizag Port,3,76.2,2.65
2025-06-21,6,Dhamra Port,2,76.8,2.79
2025-06-21,6,Hay Point Coal Terminal,8,77.1,3.36
2025-06-21,6,Taboneo Anchorage,9,83.1,3.24
2025-06-22,6,Haldia Dock Complex,5,62.1,4.76
2025-06-22,6,Paradip Port,8,54.0,4.1
2025-06-22,6,Vizag Port,1,108.6,2.28
2025-06-22,6,Dhamra Port,6,125.5,3.3
2025-06-22,6,Hay Point Coal Terminal,4,90.8,2.94
2025-06-22,6,Taboneo Anchorage,9,105.0,3.75
2025-06-23,6,Haldia Dock Complex,10,63.5,5.78
2025-06-23,6,Paradip Port,7,48.9,3.66
2025-06-23,6,Vizag Port,7,57.2,3.05
2025-06-23,6,Dhamra Port,7,121.1,3.44
2025-06-23,6,Hay Point Coal Terminal,9,82.4,3.32
2025-06-23,6,Taboneo Anchorage,4,51.7,2.8
2025-06-24,6,Haldia Dock Complex,3,139.2,4.44
2025-06-24,6,Paradip Port,11,67.6,4.78
2025-06-24,6,Vizag Port,5,54.6,2.83
2025-06-24,6,Dhamra Port,9,75.1,3.67
2025-06-24,6,Hay Point Coal Terminal,2,121.5,2.57
2025-06-24,6,Taboneo Anchorage,5,118.0,3.15
2025-06-25,6,Haldia Dock Complex,9,65.4,5.43
2025-06-25,6,Paradip Port,9,122.9,4.31
2025-06-25,6,Vizag Port,5,116.6,3.06
2025-06-25,6,Dhamra Port,12,125.5,4.28
2025-06-25,6,Hay Point Coal Terminal,10,63.7,3.76
2025-06-25,6,Taboneo Anchorage,3,115.6,3.0
2025-06-26,6,Haldia Dock Complex,7,96.5,5.27
2025-06-26,6,Paradip Port,6,77.7,3.77
2025-06-26,6,Vizag Port,9,112.7,3.73
2025-06-26,6,Dhamra Port,6,54.6,2.84
2025-06-26,6,Hay Point Coal Terminal,5,83.9,3.0
2025-06-26,6,Taboneo Anchorage,6,74.5,3.17
2025-06-27,6,Haldia Dock Complex,6,86.7,5.11
2025-06-27,6,Paradip Port,5,73.8,3.73
2025-06-27,6,Vizag Port,5,139.3,3.14
2025-06-27,6,Dhamra Port,4,140.6,3.05
2025-06-27,6,Hay Point Coal Terminal,9,62.9,3.42
2025-06-27,6,Taboneo Anchorage,4,104.0,2.98
2025-06-28,6,Haldia Dock Complex,8,48.8,4.87
2025-06-28,6,Paradip Port,6,104.6,3.79
2025-06-28,6,Vizag Port,5,132.2,3.05
2025-06-28,6,Dhamra Port,3,118.3,2.7
2025-06-28,6,Hay Point Coal Terminal,9,107.2,3.86
2025-06-28,6,Taboneo Anchorage,6,83.4,3.29
2025-06-29,6,Haldia Dock Complex,11,127.2,5.79
2025-06-29,6,Paradip Port,3,95.1,2.97
2025-06-29,6,Vizag Port,6,63.4,3.18
2025-06-29,6,Dhamra Port,5,97.4,3.11
2025-06-29,6,Hay Point Coal Terminal,9,96.5,3.59
2025-06-29,6,Taboneo Anchorage,10,112.7,3.69
2025-06-30,6,Haldia Dock Complex,4,48.2,4.64
2025-06-30,6,Paradip Port,3,63.9,3.35
2025-06-30,6,Vizag Port,4,97.8,2.61
2025-06-30,6,Dhamra Port,3,140.1,3.07
2025-06-30,6,Hay Point Coal Terminal,8,87.5,3.5
2025-06-30,6,Taboneo Anchorage,4,61.7,2.89
2025-07-01,7,Haldia Dock Complex,6,49.7,5.27
2025-07-01,7,Paradip Port,3,117.5,3.21
2025-07-01,7,Vizag Port,11,55.3,3.97
2025-07-01,7,Dhamra Port,5,140.9,3.16
2025-07-01,7,Hay Point Coal Terminal,3,125.2,2.5
2025-07-01,7,Taboneo Anchorage,3,83.5,2.79
2025-07-02,7,Haldia Dock Complex,4,68.9,4.5
2025-07-02,7,Paradip Port,3,54.4,3.54
2025-07-02,7,Vizag Port,10,66.7,3.69
2025-07-02,7,Dhamra Port,10,67.4,3.73
2025-07-02,7,Hay Point Coal Terminal,6,55.4,2.8
2025-07-02,7,Taboneo Anchorage,9,66.3,3.79
2025-07-03,7,Haldia Dock Complex,8,56.5,4.89
2025-07-03,7,Paradip Port,3,132.4,3.8
2025-07-03,7,Vizag Port,4,134.2,3.01
2025-07-03,7,Dhamra Port,7,143.9,3.72
2025-07-03,7,Hay Point Coal Terminal,6,87.5,3.38
2025-07-03,7,Taboneo Anchorage,4,121.4,2.89
2025-07-04,7,Haldia Dock Complex,8,103.8,5.67
2025-07-04,7,Paradip Port,7,143.6,4.07
2025-07-04,7,Vizag Port,8,83.8,3.81
2025-07-04,7,Dhamra Port,6,115.7,3.28
2025-07-04,7,Hay Point Coal Terminal,4,122.8,3.32
2025-07-04,7,Taboneo Anchorage,8,136.4,3.85
2025-07-05,7,Haldia Dock Complex,4,88.6,4.68
2025-07-05,7,Paradip Port,11,134.1,4.57
2025-07-05,7,Vizag Port,6,141.6,3.48
2025-07-05,7,Dhamra Port,3,68.2,2.65
2025-07-05,7,Hay Point Coal Terminal,4,62.1,2.7
2025-07-05,7,Taboneo Anchorage,5,72.6,3.01
2025-07-06,7,Haldia Dock Complex,5,80.9,4.75
2025-07-06,7,Paradip Port,6,107.9,3.67
2025-07-06,7,Vizag Port,4,126.9,3.01
2025-07-06,7,Dhamra Port,12,95.0,3.95
2025-07-06,7,Hay Point Coal Terminal,9,60.1,3.5
2025-07-06,7,Taboneo Anchorage,7,102.8,3.11
2025-07-07,7,Haldia Dock Complex,3,127.3,4.76
2025-07-07,7,Paradip Port,6,101.5,3.77
2025-07-07,7,Vizag Port,7,73.3,3.32
2025-07-07,7,Dhamra Port,4,94.7,3.12
2025-07-07,7,Hay Point Coal Terminal,3,70.9,2.59
2025-07-07,7,Taboneo Anchorage,8,127.4,3.82
2025-07-08,7,Haldia Dock Complex,2,80.7,4.79
2025-07-08,7,Paradip Port,4,100.9,3.55
2025-07-08,7,Vizag Port,3,91.1,2.59
2025-07-08,7,Dhamra Port,7,122.2,3.53
2025-07-08,7,Hay Point Coal Terminal,5,49.8,2.82
2025-07-08,7,Taboneo Anchorage,3,140.3,3.21
2025-07-09,7,Haldia Dock Complex,11,140.5,6.13
2025-07-09,7,Paradip Port,5,81.0,3.85
2025-07-09,7,Vizag Port,6,63.6,2.8
2025-07-09,7,Dhamra Port,12,48.7,3.9
2025-07-09,7,Hay Point Coal Terminal,9,66.3,3.38
2025-07-09,7,Taboneo Anchorage,6,76.8,2.87
2025-07-10,7,Haldia Dock Complex,5,81.0,4.93
2025-07-10,7,Paradip Port,7,127.3,4.34
2025-07-10,7,Vizag Port,6,54.5,3.28
2025-07-10,7,Dhamra Port,3,64.6,2.69
2025-07-10,7,Hay Point Coal Terminal,9,53.1,3.33
2025-07-10,7,Taboneo Anchorage,7,81.7,3.64
2025-07-11,7,Haldia Dock Complex,4,92.8,4.91
2025-07-11,7,Paradip Port,8,137.6,4.28
2025-07-11,7,Vizag Port,4,63.5,2.75
2025-07-11,7,Dhamra Port,4,106.8,2.94
2025-07-11,7,Hay Point Coal Terminal,8,83.9,3.33
2025-07-11,7,Taboneo Anchorage,5,65.5,2.82
2025-07-12,7,Haldia Dock Complex,3,64.1,4.4
2025-07-12,7,Paradip Port,10,120.2,4.7
2025-07-12,7,Vizag Port,9,84.4,3.53
2025-07-12,7,Dhamra Port,6,74.1,3.13
2025-07-12,7,Hay Point Coal Terminal,3,117.9,3.1
2025-07-12,7,Taboneo Anchorage,6,105.9,2.99
2025-07-13,7,Haldia Dock Complex,6,77.5,4.44
2025-07-13,7,Paradip Port,5,85.7,3.83
2025-07-13,7,Vizag Port,1,111.5,2.28
2025-07-13,7,Dhamra Port,4,70.2,2.82
2025-07-13,7,Hay Point Coal Terminal,4,103.1,2.84
2025-07-13,7,Taboneo Anchorage,3,51.9,2.49
2025-07-14,7,Haldia Dock Complex,8,100.8,5.28
2025-07-14,7,Paradip Port,6,91.2,3.64
2025-07-14,7,Vizag Port,5,95.3,2.64
2025-07-14,7,Dhamra Port,6,62.3,2.88
2025-07-14,7,Hay Point Coal Terminal,4,51.3,2.97
2025-07-14,7,Taboneo Anchorage,6,87.5,2.97
2025-07-15,7,Haldia Dock Complex,8,112.4,5.29
2025-07-15,7,Paradip Port,11,89.0,4.45
2025-07-15,7,Vizag Port,9,126.6,3.92
2025-07-15,7,Dhamra Port,5,129.3,3.05
2025-07-15,7,Hay Point Coal Terminal,9,114.5,3.85
2025-07-15,7,Taboneo Anchorage,3,106.2,2.52
2025-07-16,7,Haldia Dock Complex,6,92.7,4.75
2025-07-16,7,Paradip Port,5,133.5,4.2
2025-07-16,7,Vizag Port,4,105.7,3.05
2025-07-16,7,Dhamra Port,8,113.2,3.52
2025-07-16,7,Hay Point Coal Terminal,2,74.1,2.6
2025-07-16,7,Taboneo Anchorage,4,111.8,2.73
2025-07-17,7,Haldia Dock Complex,3,127.8,4.74
2025-07-17,7,Paradip Port,5,116.4,3.86
2025-07-17,7,Vizag Port,2,99.9,2.72
2025-07-17,7,Dhamra Port,5,57.1,3.39
2025-07-17,7,Hay Point Coal Terminal,4,99.1,3.15
2025-07-17,7,Taboneo Anchorage,6,108.7,3.31
2025-07-18,7,Haldia Dock Complex,9,50.5,5.11
2025-07-18,7,Paradip Port,5,93.9,3.27
2025-07-18,7,Vizag Port,3,58.1,2.78
2025-07-18,7,Dhamra Port,5,72.2,3.37
2025-07-18,7,Hay Point Coal Terminal,9,115.4,3.32
2025-07-18,7,Taboneo Anchorage,3,121.6,3.02
2025-07-19,7,Haldia Dock Complex,8,59.6,5.18
2025-07-19,7,Paradip Port,4,111.2,3.57
2025-07-19,7,Vizag Port,7,111.3,3.81
2025-07-19,7,Dhamra Port,6,105.8,3.07
2025-07-19,7,Hay Point Coal Terminal,5,118.5,3.58
2025-07-19,7,Taboneo Anchorage,8,76.4,3.62
2025-07-20,7,Haldia Dock Complex,4,138.2,4.99
2025-07-20,7,Paradip Port,8,132.0,4.56
2025-07-20,7,Vizag Port,4,97.6,3.02
2025-07-20,7,Dhamra Port,6,126.2,3.36
2025-07-20,7,Hay Point Coal Terminal,5,105.5,3.03
2025-07-20,7,Taboneo Anchorage,5,81.9,3.12
2025-07-21,7,Haldia Dock Complex,11,102.9,6.04
2025-07-21,7,Paradip Port,5,65.7,3.59
2025-07-21,7,Vizag Port,3,97.1,2.26
2025-07-21,7,Dhamra Port,4,103.1,2.85
2025-07-21,7,Hay Point Coal Terminal,5,52.2,2.85
2025-07-21,7,Taboneo Anchorage,5,64.3,2.6
2025-07-22,7,Haldia Dock Complex,3,82.4,4.66
2025-07-22,7,Paradip Port,1,112.4,2.69
2025-07-22,7,Vizag Port,4,80.2,2.82
2025-07-22,7,Dhamra Port,4,65.2,2.83
2025-07-22,7,Hay Point Coal Terminal,7,123.1,3.47
2025-07-22,7,Taboneo Anchorage,6,118.2,3.3
2025-07-23,7,Haldia Dock Complex,7,87.9,4.65
2025-07-23,7,Paradip Port,6,139.1,4.22
2025-07-23,7,Vizag Port,9,103.3,3.65
2025-07-23,7,Dhamra Port,4,82.1,2.56
2025-07-23,7,Hay Point Coal Terminal,9,73.1,3.88
2025-07-23,7,Taboneo Anchorage,2,95.6,2.28
2025-07-24,7,Haldia Dock Complex,5,93.3,4.86
2025-07-24,7,Paradip Port,5,130.7,3.65
2025-07-24,7,Vizag Port,9,67.1,3.32
2025-07-24,7,Dhamra Port,5,64.5,2.66
2025-07-24,7,Hay Point Coal Terminal,5,110.3,3.32
2025-07-24,7,Taboneo Anchorage,4,102.2,3.03
2025-07-25,7,Haldia Dock Complex,8,134.1,5.31
2025-07-25,7,Paradip Port,7,87.4,3.74
2025-07-25,7,Vizag Port,10,112.5,3.97
2025-07-25,7,Dhamra Port,6,86.9,3.46
2025-07-25,7,Hay Point Coal Terminal,8,139.8,3.4
2025-07-25,7,Taboneo Anchorage,3,78.4,2.41
2025-07-26,7,Haldia Dock Complex,11,110.0,5.59
2025-07-26,7,Paradip Port,10,130.4,4.56
2025-07-26,7,Vizag Port,6,53.1,2.92
2025-07-26,7,Dhamra Port,7,106.0,3.74
2025-07-26,7,Hay Point Coal Terminal,10,58.8,3.78
2025-07-26,7,Taboneo Anchorage,5,138.4,3.2
2025-07-27,7,Haldia Dock Complex,4,100.2,4.69
2025-07-27,7,Paradip Port,7,142.3,4.21
2025-07-27,7,Vizag Port,5,123.4,3.27
2025-07-27,7,Dhamra Port,7,143.6,3.47
2025-07-27,7,Hay Point Coal Terminal,4,88.2,2.7
2025-07-27,7,Taboneo Anchorage,4,59.4,2.8
2025-07-28,7,Haldia Dock Complex,6,143.5,5.47
2025-07-28,7,Paradip Port,6,122.7,3.82
2025-07-28,7,Vizag Port,9,115.8,3.44
2025-07-28,7,Dhamra Port,3,77.6,2.53
2025-07-28,7,Hay Point Coal Terminal,3,101.3,2.62
2025-07-28,7,Taboneo Anchorage,7,76.6,2.9
2025-07-29,7,Haldia Dock Complex,4,109.0,4.78
2025-07-29,7,Paradip Port,5,49.3,3.66
2025-07-29,7,Vizag Port,9,85.8,3.34
2025-07-29,7,Dhamra Port,7,100.5,3.38
2025-07-29,7,Hay Point Coal Terminal,3,74.3,2.54
2025-07-29,7,Taboneo Anchorage,5,142.2,3.24
2025-07-30,7,Haldia Dock Complex,5,138.1,5.28
2025-07-30,7,Paradip Port,4,62.3,3.41
2025-07-30,7,Vizag Port,5,76.8,3.17
2025-07-30,7,Dhamra Port,7,132.8,3.85
2025-07-30,7,Hay Point Coal Terminal,4,53.4,2.39
2025-07-30,7,Taboneo Anchorage,3,56.6,2.65
2025-07-31,7,Haldia Dock Complex,3,77.5,4.5
2025-07-31,7,Paradip Port,7,120.9,4.39
2025-07-31,7,Vizag Port,6,92.6,3.31
2025-07-31,7,Dhamra Port,11,89.6,3.73
2025-07-31,7,Hay Point Coal Terminal,9,86.6,3.47
2025-07-31,7,Taboneo Anchorage,7,119.9,3.84
2025-08-01,8,Haldia Dock Complex,10,90.9,5.5
2025-08-01,8,Paradip Port,0,51.8,2.59
2025-08-01,8,Vizag Port,11,80.8,3.74
2025-08-01,8,Dhamra Port,8,131.5,3.7
2025-08-01,8,Hay Point Coal Terminal,5,115.8,3.57
2025-08-01,8,Taboneo Anchorage,2,78.9,2.61
2025-08-02,8,Haldia Dock Complex,9,117.7,5.47
2025-08-02,8,Paradip Port,10,66.4,4.09
2025-08-02,8,Vizag Port,7,125.3,3.86
2025-08-02,8,Dhamra Port,8,51.5,3.1
2025-08-02,8,Hay Point Coal Terminal,3,101.1,2.73
2025-08-02,8,Taboneo Anchorage,6,55.2,3.32
2025-08-03,8,Haldia Dock Complex,4,121.8,4.83
2025-08-03,8,Paradip Port,2,128.1,3.21
2025-08-03,8,Vizag Port,2,129.0,2.64
2025-08-03,8,Dhamra Port,4,78.3,2.48
2025-08-03,8,Hay Point Coal Terminal,6,105.7,3.02
2025-08-03,8,Taboneo Anchorage,7,94.6,3.52
2025-08-04,8,Haldia Dock Complex,8,49.5,5.03
2025-08-04,8,Paradip Port,5,103.8,3.75
2025-08-04,8,Vizag Port,8,135.2,3.83
2025-08-04,8,Dhamra Port,6,79.3,3.32
2025-08-04,8,Hay Point Coal Terminal,4,67.5,2.66
2025-08-04,8,Taboneo Anchorage,2,90.8,2.85
2025-08-05,8,Haldia Dock Complex,7,137.8,5.12
2025-08-05,8,Paradip Port,9,85.2,4.46
2025-08-05,8,Vizag Port,10,139.0,3.86
2025-08-05,8,Dhamra Port,6,76.8,2.87
2025-08-05,8,Hay Point Coal Terminal,4,104.0,3.26
2025-08-05,8,Taboneo Anchorage,4,114.4,3.17
2025-08-06,8,Haldia Dock Complex,5,135.4,5.15
2025-08-06,8,Paradip Port,9,54.6,4.35
2025-08-06,8,Vizag Port,6,141.3,3.03
2025-08-06,8,Dhamra Port,5,122.9,3.19
2025-08-06,8,Hay Point Coal Terminal,5,142.9,3.0
2025-08-06,8,Taboneo Anchorage,5,117.2,3.12
2025-08-07,8,Haldia Dock Complex,2,50.1,4.05
2025-08-07,8,Paradip Port,5,121.1,3.83
2025-08-07,8,Vizag Port,12,74.8,3.64
2025-08-07,8,Dhamra Port,5,62.8,2.99
2025-08-07,8,Hay Point Coal Terminal,4,77.1,2.95
2025-08-07,8,Taboneo Anchorage,4,63.5,2.35
2025-08-08,8,Haldia Dock Complex,3,91.2,4.72
2025-08-08,8,Paradip Port,8,105.9,4.31
2025-08-08,8,Vizag Port,8,84.9,3.25
2025-08-08,8,Dhamra Port,8,73.0,2.98
2025-08-08,8,Hay Point Coal Terminal,3,140.8,3.17
2025-08-08,8,Taboneo Anchorage,6,92.0,3.2
2025-08-09,8,Haldia Dock Complex,10,98.5,5.37
2025-08-09,8,Paradip Port,2,85.1,3.31
2025-08-09,8,Vizag Port,5,141.6,2.99
2025-08-09,8,Dhamra Port,7,54.2,2.7
2025-08-09,8,Hay Point Coal Terminal,4,129.0,2.75
2025-08-09,8,Taboneo Anchorage,3,81.4,2.62
2025-08-10,8,Haldia Dock Complex,5,87.5,4.59
2025-08-10,8,Paradip Port,6,78.4,3.83
2025-08-10,8,Vizag Port,8,115.4,3.57
2025-08-10,8,Dhamra Port,10,111.6,3.84
2025-08-10,8,Hay Point Coal Terminal,7,103.6,3.4
2025-08-10,8,Taboneo Anchorage,4,77.8,2.98
2025-08-11,8,Haldia Dock Complex,5,137.1,5.12
2025-08-11,8,Paradip Port,7,110.1,4.14
2025-08-11,8,Vizag Port,4,89.8,2.93
2025-08-11,8,Dhamra Port,4,62.0,2.35
2025-08-11,8,Hay Point Coal Terminal,8,58.8,3.21
2025-08-11,8,Taboneo Anchorage,8,80.7,3.28
2025-08-12,8,Haldia Dock Complex,4,114.9,4.93
2025-08-12,8,Paradip Port,7,142.3,4.26
2025-08-12,8,Vizag Port,6,53.3,2.75
2025-08-12,8,Dhamra Port,6,93.9,2.67
2025-08-12,8,Hay Point Coal Terminal,6,110.9,3.28
2025-08-12,8,Taboneo Anchorage,7,88.4,3.2
2025-08-13,8,Haldia Dock Complex,5,135.5,5.14
2025-08-13,8,Paradip Port,5,120.6,3.89
2025-08-13,8,Vizag Port,4,104.4,2.94
2025-08-13,8,Dhamra Port,5,118.6,3.02
2025-08-13,8,Hay Point Coal Terminal,6,60.5,3.17
2025-08-13,8,Taboneo Anchorage,8,128.1,3.72
2025-08-14,8,Haldia Dock Complex,5,140.0,5.07
2025-08-14,8,Paradip Port,4,135.8,3.59
2025-08-14,8,Vizag Port,5,110.0,2.98
2025-08-14,8,Dhamra Port,8,82.0,3.32
2025-08-14,8,Hay Point Coal Terminal,6,135.1,3.51
2025-08-14,8,Taboneo Anchorage,4,61.8,2.7
2025-08-15,8,Haldia Dock Complex,4,109.8,4.65
2025-08-15,8,Paradip Port,6,91.7,3.97
2025-08-15,8,Vizag Port,12,122.9,4.17
2025-08-15,8,Dhamra Port,10,54.5,3.73
2025-08-15,8,Hay Point Coal Terminal,6,84.0,2.92
2025-08-15,8,Taboneo Anchorage,6,135.3,3.45
2025-08-16,8,Haldia Dock Complex,10,141.8,5.69
2025-08-16,8,Paradip Port,6,88.0,3.68
2025-08-16,8,Vizag Port,5,59.6,2.99
2025-08-16,8,Dhamra Port,8,82.7,3.44
2025-08-16,8,Hay Point Coal Terminal,11,61.9,3.69
2025-08-16,8,Taboneo Anchorage,8,121.2,3.7
2025-08-17,8,Haldia Dock Complex,1,49.9,3.77
2025-08-17,8,Paradip Port,2,116.9,3.74
2025-08-17,8,Vizag Port,6,108.3,3.18
2025-08-17,8,Dhamra Port,7,143.6,3.81
2025-08-17,8,Hay Point Coal Terminal,9,92.5,3.67
2025-08-17,8,Taboneo Anchorage,7,107.8,3.35
2025-08-18,8,Haldia Dock Complex,7,97.7,4.89
2025-08-18,8,Paradip Port,5,116.9,3.93
2025-08-18,8,Vizag Port,6,142.8,3.71
2025-08-18,8,Dhamra Port,5,49.9,2.66
2025-08-18,8,Hay Point Coal Terminal,4,113.3,2.91
2025-08-18,8,Taboneo Anchorage,4,77.7,2.84
2025-08-19,8,Haldia Dock Complex,10,137.9,5.89
2025-08-19,8,Paradip Port,5,62.4,3.57
2025-08-19,8,Vizag Port,5,61.7,2.87
2025-08-19,8,Dhamra Port,5,95.9,2.97
2025-08-19,8,Hay Point Coal Terminal,5,110.2,3.13
2025-08-19,8,Taboneo Anchorage,5,72.3,2.89
2025-08-20,8,Haldia Dock Complex,9,88.1,5.51
2025-08-20,8,Paradip Port,4,123.7,3.54
2025-08-20,8,Vizag Port,6,105.0,3.18
2025-08-20,8,Dhamra Port,7,139.2,3.34
2025-08-20,8,Hay Point Coal Terminal,9,95.2,3.33
2025-08-20,8,Taboneo Anchorage,6,64.2,3.1
2025-08-21,8,Haldia Dock Complex,3,100.2,4.14
2025-08-21,8,Paradip Port,7,116.1,4.18
2025-08-21,8,Vizag Port,3,102.1,2.89
2025-08-21,8,Dhamra Port,5,78.6,2.78
2025-08-21,8,Hay Point Coal Terminal,4,66.8,2.87
2025-08-21,8,Taboneo Anchorage,7,58.9,3.1
2025-08-22,8,Haldia Dock Complex,3,96.9,4.37
2025-08-22,8,Paradip Port,5,57.8,3.35
2025-08-22,8,Vizag Port,8,64.1,2.8
2025-08-22,8,Dhamra Port,5,66.0,3.39
2025-08-22,8,Hay Point Coal Terminal,3,128.3,2.8
2025-08-22,8,Taboneo Anchorage,6,61.6,2.84
2025-08-23,8,Haldia Dock Complex,2,128.3,5.16
2025-08-23,8,Paradip Port,5,59.2,3.72
2025-08-23,8,Vizag Port,5,62.0,3.06
2025-08-23,8,Dhamra Port,7,115.5,3.7
2025-08-23,8,Hay Point Coal Terminal,6,86.6,3.13
2025-08-23,8,Taboneo Anchorage,5,83.2,2.83
2025-08-24,8,Haldia Dock Complex,5,58.2,4.46
2025-08-24,8,Paradip Port,10,131.2,4.62
2025-08-24,8,Vizag Port,7,124.6,3.38
2025-08-24,8,Dhamra Port,3,86.4,2.73
2025-08-24,8,Hay Point Coal Terminal,7,141.6,3.56
2025-08-24,8,Taboneo Anchorage,6,100.7,3.45
2025-08-25,8,Haldia Dock Complex,8,116.5,5.45
2025-08-25,8,Paradip Port,8,132.6,3.99
2025-08-25,8,Vizag Port,5,94.6,2.91
2025-08-25,8,Dhamra Port,8,74.6,3.63
2025-08-25,8,Hay Point Coal Terminal,6,100.4,3.07
2025-08-25,8,Taboneo Anchorage,4,51.6,2.61
2025-08-26,8,Haldia Dock Complex,6,92.2,4.76
2025-08-26,8,Paradip Port,7,116.1,3.86
2025-08-26,8,Vizag Port,2,102.6,2.19
2025-08-26,8,Dhamra Port,5,91.7,3.42
2025-08-26,8,Hay Point Coal Terminal,9,51.8,3.56
2025-08-26,8,Taboneo Anchorage,5,92.1,3.12
2025-08-27,8,Haldia Dock Complex,6,120.0,5.1
2025-08-27,8,Paradip Port,7,133.3,3.76
2025-08-27,8,Vizag Port,4,81.8,2.75
2025-08-27,8,Dhamra Port,8,73.2,3.58
2025-08-27,8,Hay Point Coal Terminal,9,122.4,4.11
2025-08-27,8,Taboneo Anchorage,3,50.0,2.91
2025-08-28,8,Haldia Dock Complex,6,101.0,4.64
2025-08-28,8,Paradip Port,4,81.3,3.27
2025-08-28,8,Vizag Port,5,99.7,3.19
2025-08-28,8,Dhamra Port,8,104.9,3.76
2025-08-28,8,Hay Point Coal Terminal,3,95.2,2.7
2025-08-28,8,Taboneo Anchorage,7,83.7,3.37
2025-08-29,8,Haldia Dock Complex,3,55.7,4.27
2025-08-29,8,Paradip Port,6,123.2,3.91
2025-08-29,8,Vizag Port,8,68.3,3.23
2025-08-29,8,Dhamra Port,2,128.2,2.85
2025-08-29,8,Hay Point Coal Terminal,5,55.2,2.99
2025-08-29,8,Taboneo Anchorage,8,101.7,3.27
2025-08-30,8,Haldia Dock Complex,6,121.1,4.93
2025-08-30,8,Paradip Port,5,103.4,3.95
2025-08-30,8,Vizag Port,6,48.6,2.99
2025-08-30,8,Dhamra Port,8,87.4,3.35
2025-08-30,8,Hay Point Coal Terminal,4,77.0,2.99
2025-08-30,8,Taboneo Anchorage,6,105.3,3.16
2025-08-31,8,Haldia Dock Complex,4,99.5,4.66
2025-08-31,8,Paradip Port,4,117.9,3.67
2025-08-31,8,Vizag Port,5,94.6,3.29
2025-08-31,8,Dhamra Port,6,111.9,3.29
2025-08-31,8,Hay Point Coal Terminal,6,120.6,3.3
2025-08-31,8,Taboneo Anchorage,9,65.1,3.77
2025-09-01,9,Haldia Dock Complex,4,76.4,4.26
2025-09-01,9,Paradip Port,7,81.2,4.26
2025-09-01,9,Vizag Port,3,130.4,2.64
2025-09-01,9,Dhamra Port,7,83.8,3.41
2025-09-01,9,Hay Point Coal Terminal,4,113.0,3.02
2025-09-01,9,Taboneo Anchorage,8,92.1,3.73
2025-09-02,9,Haldia Dock Complex,10,56.6,5.08
2025-09-02,9,Paradip Port,6,80.4,3.63
2025-09-02,9,Vizag Port,6,63.5,3.15
2025-09-02,9,Dhamra Port,1,138.1,2.66
2025-09-02,9,Hay Point Coal Terminal,7,143.3,3.24
2025-09-02,9,Taboneo Anchorage,3,91.2,2.57
2025-09-03,9,Haldia Dock Complex,6,75.4,4.81
2025-09-03,9,Paradip Port,5,118.7,3.9
2025-09-03,9,Vizag Port,5,78.3,3.06
2025-09-03,9,Dhamra Port,9,140.3,3.93
2025-09-03,9,Hay Point Coal Terminal,3,58.6,2.51
2025-09-03,9,Taboneo Anchorage,7,49.2,2.8
2025-09-04,9,Haldia Dock Complex,8,141.6,5.4
2025-09-04,9,Paradip Port,6,134.8,4.08
2025-09-04,9,Vizag Port,6,59.6,2.93
2025-09-04,9,Dhamra Port,7,79.4,2.99
2025-09-04,9,Hay Point Coal Terminal,7,99.1,3.17
2025-09-04,9,Taboneo Anchorage,6,130.2,3.04
2025-09-05,9,Haldia Dock Complex,6,78.9,5.03
2025-09-05,9,Paradip Port,5,134.5,3.81
2025-09-05,9,Vizag Port,5,78.7,2.65
2025-09-05,9,Dhamra Port,3,53.0,2.43
2025-09-05,9,Hay Point Coal Terminal,7,76.0,3.15
2025-09-05,9,Taboneo Anchorage,5,102.3,2.84
2025-09-06,9,Haldia Dock Complex,6,57.0,4.58
2025-09-06,9,Paradip Port,9,102.4,4.22
2025-09-06,9,Vizag Port,4,120.3,2.48
2025-09-06,9,Dhamra Port,2,99.9,2.34
2025-09-06,9,Hay Point Coal Terminal,8,128.9,3.93
2025-09-06,9,Taboneo Anchorage,4,100.5,2.66
2025-09-07,9,Haldia Dock Complex,5,99.5,4.75
2025-09-07,9,Paradip Port,3,138.9,3.71
2025-09-07,9,Vizag Port,5,135.5,3.47
2025-09-07,9,Dhamra Port,4,84.2,2.52
2025-09-07,9,Hay Point Coal Terminal,1,71.2,2.17
2025-09-07,9,Taboneo Anchorage,6,82.2,2.95
2025-09-08,9,Haldia Dock Complex,9,62.6,5.02
2025-09-08,9,Paradip Port,9,110.0,4.49
2025-09-08,9,Vizag Port,4,67.7,2.95
2025-09-08,9,Dhamra Port,8,138.6,3.69
2025-09-08,9,Hay Point Coal Terminal,5,95.8,2.96
2025-09-08,9,Taboneo Anchorage,5,103.1,2.99
2025-09-09,9,Haldia Dock Complex,8,110.8,5.05
2025-09-09,9,Paradip Port,4,82.2,3.6
2025-09-09,9,Vizag Port,5,67.3,2.91
2025-09-09,9,Dhamra Port,2,71.5,2.55
2025-09-09,9,Hay Point Coal Terminal,9,114.5,3.89
2025-09-09,9,Taboneo Anchorage,5,74.7,2.95
2025-09-10,9,Haldia Dock Complex,6,118.9,5.16
2025-09-10,9,Paradip Port,5,137.6,4.03
2025-09-10,9,Vizag Port,8,74.0,3.38
2025-09-10,9,Dhamra Port,8,130.5,3.92
2025-09-10,9,Hay Point Coal Terminal,7,93.7,3.32
2025-09-10,9,Taboneo Anchorage,8,106.1,3.23
2025-09-11,9,Haldia Dock Complex,6,121.6,4.92
2025-09-11,9,Paradip Port,5,84.8,3.51
2025-09-11,9,Vizag Port,5,106.7,3.43
2025-09-11,9,Dhamra Port,9,139.0,3.95
2025-09-11,9,Hay Point Coal Terminal,2,52.4,1.96
2025-09-11,9,Taboneo Anchorage,9,52.5,3.52
2025-09-12,9,Haldia Dock Complex,10,52.2,5.27
2025-09-12,9,Paradip Port,3,125.4,3.82
2025-09-12,9,Vizag Port,4,78.8,2.81
2025-09-12,9,Dhamra Port,4,120.8,3.07
2025-09-12,9,Hay Point Coal Terminal,4,68.0,3.36
2025-09-12,9,Taboneo Anchorage,5,95.3,3.08
2025-09-13,9,Haldia Dock Complex,6,89.3,5.06
2025-09-13,9,Paradip Port,5,140.8,3.79
2025-09-13,9,Vizag Port,5,110.9,3.23
2025-09-13,9,Dhamra Port,5,68.6,2.88
2025-09-13,9,Hay Point Coal Terminal,8,52.8,3.43
2025-09-13,9,Taboneo Anchorage,8,115.8,3.32
2025-09-14,9,Haldia Dock Complex,5,121.0,5.01
2025-09-14,9,Paradip Port,8,134.5,4.22
2025-09-14,9,Vizag Port,5,98.6,3.35
2025-09-14,9,Dhamra Port,6,57.1,2.64
2025-09-14,9,Hay Point Coal Terminal,4,125.8,2.68
2025-09-14,9,Taboneo Anchorage,4,54.3,2.73
2025-09-15,9,Haldia Dock Complex,7,105.3,4.88
2025-09-15,9,Paradip Port,6,116.6,3.46
2025-09-15,9,Vizag Port,6,77.7,3.34
2025-09-15,9,Dhamra Port,4,134.1,3.32
2025-09-15,9,Hay Point Coal Terminal,3,109.4,2.52
2025-09-15,9,Taboneo Anchorage,6,73.7,3.31
2025-09-16,9,Haldia Dock Complex,8,135.7,5.2
2025-09-16,9,Paradip Port,6,131.6,3.67
2025-09-16,9,Vizag Port,4,131.7,2.66
2025-09-16,9,Dhamra Port,7,125.5,3.34
2025-09-16,9,Hay Point Coal Terminal,5,55.0,2.75
2025-09-16,9,Taboneo Anchorage,7,79.4,3.34
2025-09-17,9,Haldia Dock Complex,5,106.5,4.77
2025-09-17,9,Paradip Port,4,101.8,3.68
2025-09-17,9,Vizag Port,7,59.5,3.15
2025-09-17,9,Dhamra Port,7,104.7,3.06
2025-09-17,9,Hay Point Coal Terminal,4,127.6,3.09
2025-09-17,9,Taboneo Anchorage,7,125.8,3.5
2025-09-18,9,Haldia Dock Complex,7,126.8,5.26
2025-09-18,9,Paradip Port,3,64.2,3.1
2025-09-18,9,Vizag Port,6,59.5,3.4
2025-09-18,9,Dhamra Port,4,128.6,3.12
2025-09-18,9,Hay Point Coal Terminal,5,143.8,3.46
2025-09-18,9,Taboneo Anchorage,6,80.3,2.86
2025-09-19,9,Haldia Dock Complex,5,91.0,5.03
2025-09-19,9,Paradip Port,11,94.9,4.36
2025-09-19,9,Vizag Port,5,107.8,2.7
2025-09-19,9,Dhamra Port,5,78.7,2.83
2025-09-19,9,Hay Point Coal Terminal,3,126.0,3.04
2025-09-19,9,Taboneo Anchorage,7,82.3,3.43
2025-09-20,9,Haldia Dock Complex,10,119.9,6.16
2025-09-20,9,Paradip Port,5,128.4,3.91
2025-09-20,9,Vizag Port,7,81.0,3.4
2025-09-20,9,Dhamra Port,2,101.2,2.86
2025-09-20,9,Hay Point Coal Terminal,5,90.9,3.06
2025-09-20,9,Taboneo Anchorage,3,134.7,2.92
2025-09-21,9,Haldia Dock Complex,5,61.5,4.7
2025-09-21,9,Paradip Port,5,118.7,3.6
2025-09-21,9,Vizag Port,6,63.2,2.86
2025-09-21,9,Dhamra Port,7,56.4,3.21
2025-09-21,9,Hay Point Coal Terminal,6,117.0,3.66
2025-09-21,9,Taboneo Anchorage,3,80.7,2.66
2025-09-22,9,Haldia Dock Complex,6,138.7,4.77
2025-09-22,9,Paradip Port,4,89.2,3.42
2025-09-22,9,Vizag Port,2,137.9,2.69
2025-09-22,9,Dhamra Port,2,142.7,2.69
2025-09-22,9,Hay Point Coal Terminal,4,72.7,2.47
2025-09-22,9,Taboneo Anchorage,9,130.2,3.73
2025-09-23,9,Haldia Dock Complex,5,67.8,5.14
2025-09-23,9,Paradip Port,6,126.8,3.75
2025-09-23,9,Vizag Port,4,77.1,2.98
2025-09-23,9,Dhamra Port,5,66.9,3.02
2025-09-23,9,Hay Point Coal Terminal,2,108.2,2.53
2025-09-23,9,Taboneo Anchorage,3,138.3,2.72
2025-09-24,9,Haldia Dock Complex,6,53.2,5.2
2025-09-24,9,Paradip Port,5,86.4,3.21
2025-09-24,9,Vizag Port,8,133.0,3.38
2025-09-24,9,Dhamra Port,4,124.4,3.1
2025-09-24,9,Hay Point Coal Terminal,5,48.2,2.95
2025-09-24,9,Taboneo Anchorage,5,55.6,2.6
2025-09-25,9,Haldia Dock Complex,10,59.7,5.93
2025-09-25,9,Paradip Port,6,61.5,3.67
2025-09-25,9,Vizag Port,7,133.8,3.93
2025-09-25,9,Dhamra Port,4,60.4,2.77
2025-09-25,9,Hay Point Coal Terminal,3,51.1,2.69
2025-09-25,9,Taboneo Anchorage,10,68.3,3.6
2025-09-26,9,Haldia Dock Complex,9,74.3,5.18
2025-09-26,9,Paradip Port,4,117.1,3.52
2025-09-26,9,Vizag Port,6,114.6,3.69
2025-09-26,9,Dhamra Port,10,70.1,3.49
2025-09-26,9,Hay Point Coal Terminal,7,58.5,3.12
2025-09-26,9,Taboneo Anchorage,6,115.7,3.3
2025-09-27,9,Haldia Dock Complex,3,131.5,4.9
2025-09-27,9,Paradip Port,6,139.1,4.12
2025-09-27,9,Vizag Port,2,94.2,2.45
2025-09-27,9,Dhamra Port,9,94.7,3.23
2025-09-27,9,Hay Point Coal Terminal,3,113.6,2.9
2025-09-27,9,Taboneo Anchorage,9,66.3,3.51
2025-09-28,9,Haldia Dock Complex,7,67.1,5.33
2025-09-28,9,Paradip Port,8,64.5,3.92
2025-09-28,9,Vizag Port,5,48.0,2.72
2025-09-28,9,Dhamra Port,8,75.6,3.48
2025-09-28,9,Hay Point Coal Terminal,5,77.2,2.89
2025-09-28,9,Taboneo Anchorage,6,116.4,3.39
2025-09-29,9,Haldia Dock Complex,7,82.9,5.09
2025-09-29,9,Paradip Port,7,70.7,3.74
2025-09-29,9,Vizag Port,3,62.7,2.41
2025-09-29,9,Dhamra Port,7,84.3,3.18
2025-09-29,9,Hay Point Coal Terminal,4,66.4,2.86
2025-09-29,9,Taboneo Anchorage,4,77.3,2.76
2025-09-30,9,Haldia Dock Complex,3,101.5,4.58
2025-09-30,9,Paradip Port,6,134.2,3.49
2025-09-30,9,Vizag Port,6,91.4,3.24
2025-09-30,9,Dhamra Port,6,113.0,3.53
2025-09-30,9,Hay Point Coal Terminal,3,68.7,2.75
2025-09-30,9,Taboneo Anchorage,5,130.5,3.24
2025-10-01,10,Haldia Dock Complex,7,142.2,6.07
2025-10-01,10,Paradip Port,4,110.2,3.54
2025-10-01,10,Vizag Port,5,159.4,3.5
2025-10-01,10,Dhamra Port,4,109.1,3.33
2025-10-01,10,Hay Point Coal Terminal,8,143.5,3.81
2025-10-01,10,Taboneo Anchorage,4,90.5,3.24
2025-10-02,10,Haldia Dock Complex,4,119.4,4.93
2025-10-02,10,Paradip Port,8,143.1,4.45
2025-10-02,10,Vizag Port,12,138.8,4.56
2025-10-02,10,Dhamra Port,6,123.8,3.8
2025-10-02,10,Hay Point Coal Terminal,6,111.3,3.42
2025-10-02,10,Taboneo Anchorage,7,70.9,3.48
2025-10-03,10,Haldia Dock Complex,6,116.2,5.64
2025-10-03,10,Paradip Port,8,119.4,3.96
2025-10-03,10,Vizag Port,12,103.1,4.35
2025-10-03,10,Dhamra Port,6,137.7,3.29
2025-10-03,10,Hay Point Coal Terminal,6,68.1,3.12
2025-10-03,10,Taboneo Anchorage,5,147.1,3.44
2025-10-04,10,Haldia Dock Complex,5,83.2,5.34
2025-10-04,10,Paradip Port,8,129.0,4.32
2025-10-04,10,Vizag Port,9,140.8,4.25
2025-10-04,10,Dhamra Port,2,84.4,2.21
2025-10-04,10,Hay Point Coal Terminal,8,80.8,3.82
2025-10-04,10,Taboneo Anchorage,5,104.6,3.45
2025-10-05,10,Haldia Dock Complex,8,84.3,5.83
2025-10-05,10,Paradip Port,9,145.4,4.81
2025-10-05,10,Vizag Port,5,102.0,3.42
2025-10-05,10,Dhamra Port,6,68.7,3.48
2025-10-05,10,Hay Point Coal Terminal,12,152.8,4.64
2025-10-05,10,Taboneo Anchorage,7,150.9,3.69
2025-10-06,10,Haldia Dock Complex,10,83.0,5.77
2025-10-06,10,Paradip Port,5,104.1,4.07
2025-10-06,10,Vizag Port,6,97.5,3.46
2025-10-06,10,Dhamra Port,9,98.1,3.95
2025-10-06,10,Hay Point Coal Terminal,8,156.6,4.25
2025-10-06,10,Taboneo Anchorage,4,128.2,3.27
2025-10-07,10,Haldia Dock Complex,4,141.4,5.32
2025-10-07,10,Paradip Port,8,63.8,4.5
2025-10-07,10,Vizag Port,6,102.5,3.15
2025-10-07,10,Dhamra Port,4,107.8,3.2
2025-10-07,10,Hay Point Coal Terminal,7,107.7,3.44
2025-10-07,10,Taboneo Anchorage,3,141.3,3.1
2025-10-08,10,Haldia Dock Complex,5,78.1,5.13
2025-10-08,10,Paradip Port,3,119.4,3.49
2025-10-08,10,Vizag Port,10,108.3,4.1
2025-10-08,10,Dhamra Port,12,96.0,4.25
2025-10-08,10,Hay Point Coal Terminal,6,134.3,3.54
2025-10-08,10,Taboneo Anchorage,4,117.8,2.89
2025-10-09,10,Haldia Dock Complex,6,65.2,5.03
2025-10-09,10,Paradip Port,6,107.1,4.23
2025-10-09,10,Vizag Port,4,140.8,3.26
2025-10-09,10,Dhamra Port,5,156.4,3.61
2025-10-09,10,Hay Point Coal Terminal,5,146.7,3.72
2025-10-09,10,Taboneo Anchorage,7,69.2,3.16
2025-10-10,10,Haldia Dock Complex,5,105.5,5.17
2025-10-10,10,Paradip Port,7,75.9,4.3
2025-10-10,10,Vizag Port,9,161.2,4.11
2025-10-10,10,Dhamra Port,7,155.9,4.0
2025-10-10,10,Hay Point Coal Terminal,4,115.9,3.12
2025-10-10,10,Taboneo Anchorage,6,153.4,3.81
2025-10-11,10,Haldia Dock Complex,4,77.1,5.06
2025-10-11,10,Paradip Port,7,115.1,4.19
2025-10-11,10,Vizag Port,5,153.9,3.32
2025-10-11,10,Dhamra Port,4,141.5,3.04
2025-10-11,10,Hay Point Coal Terminal,9,69.1,3.88
2025-10-11,10,Taboneo Anchorage,11,133.1,3.98
2025-10-12,10,Haldia Dock Complex,7,115.7,5.57
2025-10-12,10,Paradip Port,6,159.8,4.41
2025-10-12,10,Vizag Port,6,150.5,3.36
2025-10-12,10,Dhamra Port,10,143.0,4.05
2025-10-12,10,Hay Point Coal Terminal,2,88.8,2.96
2025-10-12,10,Taboneo Anchorage,5,114.1,3.43
2025-10-13,10,Haldia Dock Complex,6,83.7,5.34
2025-10-13,10,Paradip Port,9,129.2,4.54
2025-10-13,10,Vizag Port,8,109.6,3.78
2025-10-13,10,Dhamra Port,8,93.6,3.87
2025-10-13,10,Hay Point Coal Terminal,2,62.0,2.66
2025-10-13,10,Taboneo Anchorage,7,161.7,3.82
2025-10-14,10,Haldia Dock Complex,7,145.4,5.66
2025-10-14,10,Paradip Port,5,96.9,4.07
2025-10-14,10,Vizag Port,7,156.7,3.78
2025-10-14,10,Dhamra Port,8,108.5,3.87
2025-10-14,10,Hay Point Coal Terminal,4,109.9,3.45
2025-10-14,10,Taboneo Anchorage,8,68.9,3.42
2025-10-15,10,Haldia Dock Complex,6,129.8,5.82
2025-10-15,10,Paradip Port,7,68.6,4.1
2025-10-15,10,Vizag Port,8,89.2,4.16
2025-10-15,10,Dhamra Port,16,137.9,5.0
2025-10-15,10,Hay Point Coal Terminal,9,98.4,3.64
2025-10-15,10,Taboneo Anchorage,6,67.6,2.92
2025-10-16,10,Haldia Dock Complex,12,84.8,6.41
2025-10-16,10,Paradip Port,2,75.6,3.29
2025-10-16,10,Vizag Port,3,100.4,2.79
2025-10-16,10,Dhamra Port,4,157.0,3.37
2025-10-16,10,Hay Point Coal Terminal,6,133.8,3.61
2025-10-16,10,Taboneo Anchorage,10,152.2,4.33
2025-10-17,10,Haldia Dock Complex,3,89.6,5.12
2025-10-17,10,Paradip Port,5,151.1,4.22
2025-10-17,10,Vizag Port,10,56.0,3.8
2025-10-17,10,Dhamra Port,10,58.6,3.63
2025-10-17,10,Hay Point Coal Terminal,6,137.7,3.59
2025-10-17,10,Taboneo Anchorage,6,69.8,3.06
2025-10-18,10,Haldia Dock Complex,7,112.4,5.79
2025-10-18,10,Paradip Port,8,113.3,4.44
2025-10-18,10,Vizag Port,11,134.8,4.27
2025-10-18,10,Dhamra Port,6,114.0,3.37
2025-10-18,10,Hay Point Coal Terminal,8,73.7,3.47
2025-10-18,10,Taboneo Anchorage,10,126.8,3.94
2025-10-19,10,Haldia Dock Complex,9,91.6,5.81
2025-10-19,10,Paradip Port,8,75.0,4.34
2025-10-19,10,Vizag Port,8,148.4,3.94
2025-10-19,10,Dhamra Port,4,86.5,3.02
2025-10-19,10,Hay Point Coal Terminal,11,94.8,3.97
2025-10-19,10,Taboneo Anchorage,4,72.1,2.38
2025-10-20,10,Haldia Dock Complex,5,126.5,5.34
2025-10-20,10,Paradip Port,7,117.0,4.39
2025-10-20,10,Vizag Port,10,86.1,4.17
2025-10-20,10,Dhamra Port,1,131.2,2.64
2025-10-20,10,Hay Point Coal Terminal,4,58.8,2.68
2025-10-20,10,Taboneo Anchorage,6,148.1,3.44
2025-10-21,10,Haldia Dock Complex,5,141.8,5.51
2025-10-21,10,Paradip Port,10,66.1,4.71
2025-10-21,10,Vizag Port,5,74.1,3.09
2025-10-21,10,Dhamra Port,4,104.1,2.99
2025-10-21,10,Hay Point Coal Terminal,10,119.8,3.96
2025-10-21,10,Taboneo Anchorage,6,131.8,3.48
2025-10-22,10,Haldia Dock Complex,7,150.2,5.81
2025-10-22,10,Paradip Port,7,91.4,4.32
2025-10-22,10,Vizag Port,4,57.6,3.04
2025-10-22,10,Dhamra Port,8,117.4,3.8
2025-10-22,10,Hay Point Coal Terminal,8,143.1,3.77
2025-10-22,10,Taboneo Anchorage,3,131.5,3.09
2025-10-23,10,Haldia Dock Complex,5,68.5,5.07
2025-10-23,10,Paradip Port,7,107.8,4.04
2025-10-23,10,Vizag Port,3,137.4,3.4
2025-10-23,10,Dhamra Port,7,160.1,4.01
2025-10-23,10,Hay Point Coal Terminal,7,134.1,3.43
2025-10-23,10,Taboneo Anchorage,5,65.4,2.89
2025-10-24,10,Haldia Dock Complex,4,101.3,5.15
2025-10-24,10,Paradip Port,8,85.0,4.24
2025-10-24,10,Vizag Port,6,123.3,3.59
2025-10-24,10,Dhamra Port,3,134.4,3.41
2025-10-24,10,Hay Point Coal Terminal,6,71.3,3.57
2025-10-24,10,Taboneo Anchorage,5,87.8,2.85
2025-10-25,10,Haldia Dock Complex,9,145.4,6.43
2025-10-25,10,Paradip Port,9,54.3,3.89
2025-10-25,10,Vizag Port,6,105.9,3.15
2025-10-25,10,Dhamra Port,7,158.3,3.87
2025-10-25,10,Hay Point Coal Terminal,4,134.8,3.6
2025-10-25,10,Taboneo Anchorage,5,55.0,3.02
2025-10-26,10,Haldia Dock Complex,6,57.9,5.2
2025-10-26,10,Paradip Port,5,161.1,4.36
2025-10-26,10,Vizag Port,11,136.7,4.16
2025-10-26,10,Dhamra Port,11,137.0,4.26
2025-10-26,10,Hay Point Coal Terminal,3,81.3,2.81
2025-10-26,10,Taboneo Anchorage,9,127.0,4.01
2025-10-27,10,Haldia Dock Complex,12,103.7,6.09
2025-10-27,10,Paradip Port,12,161.5,5.05
2025-10-27,10,Vizag Port,3,132.8,3.21
2025-10-27,10,Dhamra Port,8,123.8,3.9
2025-10-27,10,Hay Point Coal Terminal,5,114.5,3.16
2025-10-27,10,Taboneo Anchorage,5,100.2,3.19
2025-10-28,10,Haldia Dock Complex,6,118.7,5.83
2025-10-28,10,Paradip Port,9,86.0,4.32
2025-10-28,10,Vizag Port,8,58.5,3.51
2025-10-28,10,Dhamra Port,5,72.2,3.09
2025-10-28,10,Hay Point Coal Terminal,3,119.5,3.21
2025-10-28,10,Taboneo Anchorage,2,100.9,2.81
2025-10-29,10,Haldia Dock Complex,11,78.6,6.08
2025-10-29,10,Paradip Port,5,125.4,3.88
2025-10-29,10,Vizag Port,6,126.7,3.28
2025-10-29,10,Dhamra Port,8,113.4,3.66
2025-10-29,10,Hay Point Coal Terminal,6,159.4,3.46
2025-10-29,10,Taboneo Anchorage,11,57.6,3.92
2025-10-30,10,Haldia Dock Complex,10,94.4,5.82
2025-10-30,10,Paradip Port,10,108.3,4.64
2025-10-30,10,Vizag Port,1,79.9,2.52
2025-10-30,10,Dhamra Port,3,133.5,3.05
2025-10-30,10,Hay Point Coal Terminal,5,160.4,3.33
2025-10-30,10,Taboneo Anchorage,6,114.3,3.75
2025-10-31,10,Haldia Dock Complex,3,135.8,5.36
2025-10-31,10,Paradip Port,8,117.0,4.47
2025-10-31,10,Vizag Port,10,160.2,4.15
2025-10-31,10,Dhamra Port,7,120.1,3.54
2025-10-31,10,Hay Point Coal Terminal,6,145.5,3.57
2025-10-31,10,Taboneo Anchorage,9,82.2,4.01
2025-11-01,11,Haldia Dock Complex,4,130.1,5.12
2025-11-01,11,Paradip Port,3,135.5,3.82
2025-11-01,11,Vizag Port,4,142.7,3.58
2025-11-01,11,Dhamra Port,6,55.6,3.2
2025-11-01,11,Hay Point Coal Terminal,4,104.7,3.11
2025-11-01,11,Taboneo Anchorage,9,139.9,4.22
2025-11-02,11,Haldia Dock Complex,8,152.9,5.97
2025-11-02,11,Paradip Port,6,73.9,3.77
2025-11-02,11,Vizag Port,8,123.1,4.08
2025-11-02,11,Dhamra Port,5,150.0,3.52
2025-11-02,11,Hay Point Coal Terminal,7,87.0,3.33
2025-11-02,11,Taboneo Anchorage,3,122.0,2.99
2025-11-03,11,Haldia Dock Complex,9,127.3,6.4
2025-11-03,11,Paradip Port,9,89.9,4.58
2025-11-03,11,Vizag Port,6,158.4,3.81
2025-11-03,11,Dhamra Port,4,97.5,3.01
2025-11-03,11,Hay Point Coal Terminal,5,127.6,3.64
2025-11-03,11,Taboneo Anchorage,6,95.5,3.65
2025-11-04,11,Haldia Dock Complex,9,94.5,5.69
2025-11-04,11,Paradip Port,3,88.2,3.56
2025-11-04,11,Vizag Port,9,161.8,4.36
2025-11-04,11,Dhamra Port,7,130.6,3.54
2025-11-04,11,Hay Point Coal Terminal,6,157.2,3.61
2025-11-04,11,Taboneo Anchorage,7,138.9,3.47
2025-11-05,11,Haldia Dock Complex,6,130.1,5.57
2025-11-05,11,Paradip Port,9,138.9,4.92
2025-11-05,11,Vizag Port,7,95.1,3.46
2025-11-05,11,Dhamra Port,10,137.9,4.44
2025-11-05,11,Hay Point Coal Terminal,11,123.8,4.17
2025-11-05,11,Taboneo Anchorage,7,75.1,3.46
2025-11-06,11,Haldia Dock Complex,8,85.2,5.57
2025-11-06,11,Paradip Port,8,144.6,4.67
2025-11-06,11,Vizag Port,3,123.3,3.27
2025-11-06,11,Dhamra Port,9,131.3,4.02
2025-11-06,11,Hay Point Coal Terminal,12,110.6,5.05
2025-11-06,11,Taboneo Anchorage,11,131.1,4.47
2025-11-07,11,Haldia Dock Complex,4,81.2,5.26
2025-11-07,11,Paradip Port,3,155.2,4.08
2025-11-07,11,Vizag Port,3,79.4,2.93
2025-11-07,11,Dhamra Port,4,58.0,2.71
2025-11-07,11,Hay Point Coal Terminal,5,109.4,3.12
2025-11-07,11,Taboneo Anchorage,7,133.9,3.93
2025-11-08,11,Haldia Dock Complex,9,57.3,5.85
2025-11-08,11,Paradip Port,5,114.8,4.18
2025-11-08,11,Vizag Port,10,101.0,4.32
2025-11-08,11,Dhamra Port,7,157.5,3.49
2025-11-08,11,Hay Point Coal Terminal,2,130.2,2.93
2025-11-08,11,Taboneo Anchorage,12,161.0,4.86
2025-11-09,11,Haldia Dock Complex,7,137.9,5.54
2025-11-09,11,Paradip Port,7,76.5,4.48
2025-11-09,11,Vizag Port,10,91.6,4.03
2025-11-09,11,Dhamra Port,7,157.9,3.38
2025-11-09,11,Hay Point Coal Terminal,8,93.3,3.68
2025-11-09,11,Taboneo Anchorage,8,150.3,4.09
2025-11-10,11,Haldia Dock Complex,14,149.3,7.32
2025-11-10,11,Paradip Port,1,80.5,2.99
2025-11-10,11,Vizag Port,5,55.5,3.14
2025-11-10,11,Dhamra Port,8,103.2,3.81
2025-11-10,11,Hay Point Coal Terminal,4,157.2,3.45
2025-11-10,11,Taboneo Anchorage,9,117.6,3.93
2025-11-11,11,Haldia Dock Complex,9,84.8,5.98
2025-11-11,11,Paradip Port,7,122.5,4.14
2025-11-11,11,Vizag Port,8,75.1,3.7
2025-11-11,11,Dhamra Port,7,100.1,3.46
2025-11-11,11,Hay Point Coal Terminal,7,130.7,3.71
2025-11-11,11,Taboneo Anchorage,10,75.8,3.79
2025-11-12,11,Haldia Dock Complex,2,134.9,4.9
2025-11-12,11,Paradip Port,7,131.3,4.53
2025-11-12,11,Vizag Port,6,98.1,3.66
2025-11-12,11,Dhamra Port,6,85.5,3.21
2025-11-12,11,Hay Point Coal Terminal,11,100.4,4.04
2025-11-12,11,Taboneo Anchorage,4,153.9,3.39
2025-11-13,11,Haldia Dock Complex,5,108.7,5.36
2025-11-13,11,Paradip Port,12,108.1,5.13
2025-11-13,11,Vizag Port,10,65.7,3.68
2025-11-13,11,Dhamra Port,5,121.2,3.38
2025-11-13,11,Hay Point Coal Terminal,6,154.7,3.56
2025-11-13,11,Taboneo Anchorage,6,62.6,3.2
2025-11-14,11,Haldia Dock Complex,6,77.3,5.26
2025-11-14,11,Paradip Port,10,124.3,4.67
2025-11-14,11,Vizag Port,5,119.8,3.56
2025-11-14,11,Dhamra Port,4,144.1,3.15
2025-11-14,11,Hay Point Coal Terminal,8,151.7,3.99
2025-11-14,11,Taboneo Anchorage,5,154.3,3.51
2025-11-15,11,Haldia Dock Complex,5,148.5,5.49
2025-11-15,11,Paradip Port,9,116.3,4.84
2025-11-15,11,Vizag Port,10,115.5,4.26
2025-11-15,11,Dhamra Port,4,58.6,3.25
2025-11-15,11,Hay Point Coal Terminal,13,117.9,4.5
2025-11-15,11,Taboneo Anchorage,16,151.9,5.16
2025-11-16,11,Haldia Dock Complex,6,83.5,5.54
2025-11-16,11,Paradip Port,11,95.7,4.96
2025-11-16,11,Vizag Port,3,124.7,3.32
2025-11-16,11,Dhamra Port,7,63.8,3.06
2025-11-16,11,Hay Point Coal Terminal,5,93.8,3.23
2025-11-16,11,Taboneo Anchorage,7,120.7,3.65
2025-11-17,11,Haldia Dock Complex,9,104.8,6.15
2025-11-17,11,Paradip Port,11,124.8,4.76
2025-11-17,11,Vizag Port,4,148.7,3.38
2025-11-17,11,Dhamra Port,6,132.0,3.74
2025-11-17,11,Hay Point Coal Terminal,9,87.5,3.87
2025-11-17,11,Taboneo Anchorage,7,91.5,3.66
2025-11-18,11,Haldia Dock Complex,7,155.8,5.98
2025-11-18,11,Paradip Port,7,76.5,3.93
2025-11-18,11,Vizag Port,11,132.2,4.69
2025-11-18,11,Dhamra Port,6,76.3,3.48
2025-11-18,11,Hay Point Coal Terminal,7,96.1,3.84
2025-11-18,11,Taboneo Anchorage,6,130.7,3.7
2025-11-19,11,Haldia Dock Complex,6,101.7,5.43
2025-11-19,11,Paradip Port,10,121.8,4.68
2025-11-19,11,Vizag Port,7,72.5,3.18
2025-11-19,11,Dhamra Port,11,94.7,4.09
2025-11-19,11,Hay Point Coal Terminal,9,154.7,4.01
2025-11-19,11,Taboneo Anchorage,3,86.4,2.82
2025-11-20,11,Haldia Dock Complex,7,149.0,5.7
2025-11-20,11,Paradip Port,6,103.5,3.73
2025-11-20,11,Vizag Port,5,66.5,3.03
2025-11-20,11,Dhamra Port,10,116.5,4.14
2025-11-20,11,Hay Point Coal Terminal,5,144.4,3.35
2025-11-20,11,Taboneo Anchorage,6,95.4,3.5
2025-11-21,11,Haldia Dock Complex,8,83.6,5.93
2025-11-21,11,Paradip Port,8,80.4,4.39
2025-11-21,11,Vizag Port,12,78.6,4.15
2025-11-21,11,Dhamra Port,8,55.2,3.23
2025-11-21,11,Hay Point Coal Terminal,9,102.9,3.85
2025-11-21,11,Taboneo Anchorage,7,61.9,3.58
2025-11-22,11,Haldia Dock Complex,8,155.7,6.28
2025-11-22,11,Paradip Port,3,105.3,3.7
2025-11-22,11,Vizag Port,12,101.9,4.59
2025-11-22,11,Dhamra Port,4,121.2,3.22
2025-11-22,11,Hay Point Coal Terminal,3,99.8,3.09
2025-11-22,11,Taboneo Anchorage,6,68.4,3.21
2025-11-23,11,Haldia Dock Complex,6,129.9,5.68
2025-11-23,11,Paradip Port,8,91.1,4.12
2025-11-23,11,Vizag Port,9,97.0,4.0
2025-11-23,11,Dhamra Port,8,118.6,3.75
2025-11-23,11,Hay Point Coal Terminal,9,77.4,3.79
2025-11-23,11,Taboneo Anchorage,8,96.4,3.56
2025-11-24,11,Haldia Dock Complex,11,156.1,6.6
2025-11-24,11,Paradip Port,10,81.4,4.62
2025-11-24,11,Vizag Port,4,107.5,3.21
2025-11-24,11,Dhamra Port,5,123.9,3.32
2025-11-24,11,Hay Point Coal Terminal,10,138.7,4.16
2025-11-24,11,Taboneo Anchorage,7,124.9,4.1
2025-11-25,11,Haldia Dock Complex,8,95.7,5.69
2025-11-25,11,Paradip Port,5,153.1,4.28
2025-11-25,11,Vizag Port,4,66.5,2.53
2025-11-25,11,Dhamra Port,13,132.5,4.6
2025-11-25,11,Hay Point Coal Terminal,4,142.0,3.55
2025-11-25,11,Taboneo Anchorage,7,146.7,3.44
2025-11-26,11,Haldia Dock Complex,8,90.4,5.62
2025-11-26,11,Paradip Port,5,77.6,3.73
2025-11-26,11,Vizag Port,6,132.8,3.82
2025-11-26,11,Dhamra Port,9,68.2,3.45
2025-11-26,11,Hay Point Coal Terminal,7,118.7,3.51
2025-11-26,11,Taboneo Anchorage,4,87.6,3.4
2025-11-27,11,Haldia Dock Complex,7,67.7,5.5
2025-11-27,11,Paradip Port,8,88.8,4.23
2025-11-27,11,Vizag Port,5,58.6,2.98
2025-11-27,11,Dhamra Port,11,115.1,4.19
2025-11-27,11,Hay Point Coal Terminal,4,55.1,2.84
2025-11-27,11,Taboneo Anchorage,7,114.7,3.56
2025-11-28,11,Haldia Dock Complex,9,161.1,6.18
2025-11-28,11,Paradip Port,5,93.3,3.65
2025-11-28,11,Vizag Port,6,65.4,3.16
2025-11-28,11,Dhamra Port,8,139.3,3.84
2025-11-28,11,Hay Point Coal Terminal,5,103.0,3.41
2025-11-28,11,Taboneo Anchorage,6,55.3,3.34
2025-11-29,11,Haldia Dock Complex,11,135.8,6.18
2025-11-29,11,Paradip Port,7,139.2,4.48
2025-11-29,11,Vizag Port,2,121.9,2.6
2025-11-29,11,Dhamra Port,10,131.6,3.98
2025-11-29,11,Hay Point Coal Terminal,6,67.4,2.84
2025-11-29,11,Taboneo Anchorage,5,159.3,3.57
2025-11-30,11,Haldia Dock Complex,7,154.1,5.61
2025-11-30,11,Paradip Port,11,148.1,5.18
2025-11-30,11,Vizag Port,1,104.3,2.85
2025-11-30,11,Dhamra Port,4,139.6,3.11
2025-11-30,11,Hay Point Coal Terminal,4,79.9,2.92
2025-11-30,11,Taboneo Anchorage,5,129.0,3.62
2025-12-01,12,Haldia Dock Complex,13,81.8,6.34
2025-12-01,12,Paradip Port,8,69.3,4.29
2025-12-01,12,Vizag Port,2,96.3,2.49
2025-12-01,12,Dhamra Port,6,159.6,3.85
2025-12-01,12,Hay Point Coal Terminal,3,88.2,2.79
2025-12-01,12,Taboneo Anchorage,12,121.4,4.48
2025-12-02,12,Haldia Dock Complex,3,97.2,5.21
2025-12-02,12,Paradip Port,7,90.6,4.25
2025-12-02,12,Vizag Port,9,145.2,4.45
2025-12-02,12,Dhamra Port,6,124.2,3.48
2025-12-02,12,Hay Point Coal Terminal,12,89.8,4.19
2025-12-02,12,Taboneo Anchorage,7,136.5,3.36
2025-12-03,12,Haldia Dock Complex,4,85.2,5.28
2025-12-03,12,Paradip Port,7,73.1,4.51
2025-12-03,12,Vizag Port,11,74.1,4.11
2025-12-03,12,Dhamra Port,9,118.3,3.85
2025-12-03,12,Hay Point Coal Terminal,9,66.3,3.64
2025-12-03,12,Taboneo Anchorage,9,57.1,3.5
2025-12-04,12,Haldia Dock Complex,2,100.4,4.62
2025-12-04,12,Paradip Port,4,96.3,3.77
2025-12-04,12,Vizag Port,6,147.0,3.73
2025-12-04,12,Dhamra Port,7,119.4,3.99
2025-12-04,12,Hay Point Coal Terminal,6,131.1,3.75
2025-12-04,12,Taboneo Anchorage,9,85.6,4.11
2025-12-05,12,Haldia Dock Complex,5,55.4,5.11
2025-12-05,12,Paradip Port,10,89.5,4.83
2025-12-05,12,Vizag Port,2,106.4,2.84
2025-12-05,12,Dhamra Port,6,76.9,3.61
2025-12-05,12,Hay Point Coal Terminal,7,146.4,3.77
2025-12-05,12,Taboneo Anchorage,14,137.9,4.77
2025-12-06,12,Haldia Dock Complex,4,153.8,5.22
2025-12-06,12,Paradip Port,9,136.6,4.98
2025-12-06,12,Vizag Port,3,100.2,3.01
2025-12-06,12,Dhamra Port,6,156.0,3.7
2025-12-06,12,Hay Point Coal Terminal,9,127.4,3.74
2025-12-06,12,Taboneo Anchorage,4,158.8,3.2
2025-12-07,12,Haldia Dock Complex,7,152.5,5.95
2025-12-07,12,Paradip Port,8,125.3,4.28
2025-12-07,12,Vizag Port,7,75.0,3.63
2025-12-07,12,Dhamra Port,6,104.1,3.53
2025-12-07,12,Hay Point Coal Terminal,5,143.7,3.23
2025-12-07,12,Taboneo Anchorage,7,131.2,3.55
2025-12-08,12,Haldia Dock Complex,9,157.5,6.36
2025-12-08,12,Paradip Port,10,98.4,4.47
2025-12-08,12,Vizag Port,3,77.5,3.03
2025-12-08,12,Dhamra Port,4,115.9,3.27
2025-12-08,12,Hay Point Coal Terminal,10,123.8,4.18
2025-12-08,12,Taboneo Anchorage,7,152.6,4.03
2025-12-09,12,Haldia Dock Complex,2,108.8,5.04
2025-12-09,12,Paradip Port,4,78.4,3.62
2025-12-09,12,Vizag Port,8,77.5,3.64
2025-12-09,12,Dhamra Port,8,83.4,3.42
2025-12-09,12,Hay Point Coal Terminal,4,133.8,3.2
2025-12-09,12,Taboneo Anchorage,5,68.5,2.86
2025-12-10,12,Haldia Dock Complex,7,74.2,5.23
2025-12-10,12,Paradip Port,10,104.6,5.02
2025-12-10,12,Vizag Port,7,117.9,3.42
2025-12-10,12,Dhamra Port,4,116.7,3.3
2025-12-10,12,Hay Point Coal Terminal,4,100.0,3.04
2025-12-10,12,Taboneo Anchorage,9,127.8,3.96
2025-12-11,12,Haldia Dock Complex,10,116.8,6.12
2025-12-11,12,Paradip Port,3,112.5,3.72
2025-12-11,12,Vizag Port,7,76.5,3.58
2025-12-11,12,Dhamra Port,4,129.1,3.34
2025-12-11,12,Hay Point Coal Terminal,9,150.7,3.95
2025-12-11,12,Taboneo Anchorage,4,122.1,3.04
2025-12-12,12,Haldia Dock Complex,10,57.1,5.85
2025-12-12,12,Paradip Port,11,71.9,4.56
2025-12-12,12,Vizag Port,7,79.2,3.76
2025-12-12,12,Dhamra Port,9,61.8,3.72
2025-12-12,12,Hay Point Coal Terminal,3,135.3,3.35
2025-12-12,12,Taboneo Anchorage,9,127.7,3.86
2025-12-13,12,Haldia Dock Complex,10,106.7,6.26
2025-12-13,12,Paradip Port,7,72.1,3.95
2025-12-13,12,Vizag Port,4,134.3,3.24
2025-12-13,12,Dhamra Port,10,89.3,4.0
2025-12-13,12,Hay Point Coal Terminal,8,116.9,3.54
2025-12-13,12,Taboneo Anchorage,5,57.1,3.05
2025-12-14,12,Haldia Dock Complex,3,144.4,5.41
2025-12-14,12,Paradip Port,7,121.8,4.3
2025-12-14,12,Vizag Port,8,73.3,3.6
2025-12-14,12,Dhamra Port,7,160.3,3.89
2025-12-14,12,Hay Point Coal Terminal,9,126.8,4.36
2025-12-14,12,Taboneo Anchorage,5,89.0,2.83
2025-12-15,12,Haldia Dock Complex,5,54.3,5.1
2025-12-15,12,Paradip Port,8,136.6,4.55
2025-12-15,12,Vizag Port,2,92.1,2.7
2025-12-15,12,Dhamra Port,8,103.1,3.52
2025-12-15,12,Hay Point Coal Terminal,6,78.3,3.51
2025-12-15,12,Taboneo Anchorage,7,157.7,3.82
2025-12-16,12,Haldia Dock Complex,10,62.1,5.85
2025-12-16,12,Paradip Port,8,63.1,4.33
2025-12-16,12,Vizag Port,9,107.3,4.2
2025-12-16,12,Dhamra Port,11,108.7,4.59
2025-12-16,12,Hay Point Coal Terminal,10,142.3,3.82
2025-12-16,12,Taboneo Anchorage,5,84.5,3.28
2025-12-17,12,Haldia Dock Complex,4,111.0,5.27
2025-12-17,12,Paradip Port,9,161.8,4.81
2025-12-17,12,Vizag Port,1,143.0,2.81
2025-12-17,12,Dhamra Port,9,57.8,3.36
2025-12-17,12,Hay Point Coal Terminal,4,153.5,3.53
2025-12-17,12,Taboneo Anchorage,3,152.1,3.18
2025-12-18,12,Haldia Dock Complex,5,147.7,5.45
2025-12-18,12,Paradip Port,4,128.4,3.92
2025-12-18,12,Vizag Port,9,145.5,3.63
2025-12-18,12,Dhamra Port,6,58.3,3.44
2025-12-18,12,Hay Point Coal Terminal,4,99.4,3.21
2025-12-18,12,Taboneo Anchorage,12,154.2,4.99
2025-12-19,12,Haldia Dock Complex,6,142.7,5.84
2025-12-19,12,Paradip Port,9,147.1,4.65
2025-12-19,12,Vizag Port,9,106.3,3.71
2025-12-19,12,Dhamra Port,3,97.3,3.11
2025-12-19,12,Hay Point Coal Terminal,4,161.7,3.34
2025-12-19,12,Taboneo Anchorage,9,78.1,3.37
2025-12-20,12,Haldia Dock Complex,6,157.6,5.86
2025-12-20,12,Paradip Port,3,56.4,3.21
2025-12-20,12,Vizag Port,6,98.5,3.26
2025-12-20,12,Dhamra Port,7,54.2,3.3
2025-12-20,12,Hay Point Coal Terminal,3,67.4,3.28
2025-12-20,12,Taboneo Anchorage,3,96.7,3.15
2025-12-21,12,Haldia Dock Complex,8,135.8,5.59
2025-12-21,12,Paradip Port,3,74.2,3.39
2025-12-21,12,Vizag Port,9,114.3,3.51
2025-12-21,12,Dhamra Port,1,109.0,2.74
2025-12-21,12,Hay Point Coal Terminal,10,154.1,4.29
2025-12-21,12,Taboneo Anchorage,10,131.3,4.08
2025-12-22,12,Haldia Dock Complex,3,143.4,5.43
2025-12-22,12,Paradip Port,8,76.8,4.47
2025-12-22,12,Vizag Port,3,74.1,2.68
2025-12-22,12,Dhamra Port,8,89.3,3.9
2025-12-22,12,Hay Point Coal Terminal,9,121.1,4.05
2025-12-22,12,Taboneo Anchorage,7,54.1,3.04
2025-12-23,12,Haldia Dock Complex,6,77.1,5.58
2025-12-23,12,Paradip Port,10,65.2,4.55
2025-12-23,12,Vizag Port,9,107.3,3.71
2025-12-23,12,Dhamra Port,9,92.5,3.6
2025-12-23,12,Hay Point Coal Terminal,6,75.3,3.32
2025-12-23,12,Taboneo Anchorage,6,161.7,3.17
2025-12-24,12,Haldia Dock Complex,6,121.1,5.61
2025-12-24,12,Paradip Port,5,103.5,3.91
2025-12-24,12,Vizag Port,8,102.2,3.91
2025-12-24,12,Dhamra Port,4,79.0,2.7
2025-12-24,12,Hay Point Coal Terminal,5,54.8,2.95
2025-12-24,12,Taboneo Anchorage,6,77.2,2.87
2025-12-25,12,Haldia Dock Complex,4,157.7,5.51
2025-12-25,12,Paradip Port,10,155.0,5.07
2025-12-25,12,Vizag Port,11,78.5,4.02
2025-12-25,12,Dhamra Port,9,66.1,3.88
2025-12-25,12,Hay Point Coal Terminal,10,101.8,4.1
2025-12-25,12,Taboneo Anchorage,3,63.9,2.57
2025-12-26,12,Haldia Dock Complex,5,64.1,5.51
2025-12-26,12,Paradip Port,7,154.2,4.59
2025-12-26,12,Vizag Port,5,60.0,3.36
2025-12-26,12,Dhamra Port,8,154.2,4.05
2025-12-26,12,Hay Point Coal Terminal,4,146.6,3.58
2025-12-26,12,Taboneo Anchorage,7,103.8,3.63
2025-12-27,12,Haldia Dock Complex,7,150.0,5.99
2025-12-27,12,Paradip Port,7,140.7,4.24
2025-12-27,12,Vizag Port,5,92.5,3.47
2025-12-27,12,Dhamra Port,7,154.8,4.27
2025-12-27,12,Hay Point Coal Terminal,8,76.1,3.45
2025-12-27,12,Taboneo Anchorage,3,79.6,3.07
2025-12-28,12,Haldia Dock Complex,8,155.4,5.92
2025-12-28,12,Paradip Port,3,94.8,3.52
2025-12-28,12,Vizag Port,7,134.6,3.71
2025-12-28,12,Dhamra Port,1,106.2,2.52
2025-12-28,12,Hay Point Coal Terminal,6,150.4,3.93
2025-12-28,12,Taboneo Anchorage,13,127.6,4.86
2025-12-29,12,Haldia Dock Complex,2,114.5,5.0
2025-12-29,12,Paradip Port,5,119.8,4.06
2025-12-29,12,Vizag Port,8,63.7,3.13
2025-12-29,12,Dhamra Port,11,139.8,4.56
2025-12-29,12,Hay Point Coal Terminal,5,156.3,3.36
2025-12-29,12,Taboneo Anchorage,7,80.7,3.33
2025-12-30,12,Haldia Dock Complex,6,76.8,5.62
2025-12-30,12,Paradip Port,5,156.3,4.29
2025-12-30,12,Vizag Port,10,152.2,4.21
2025-12-30,12,Dhamra Port,5,88.4,3.29
2025-12-30,12,Hay Point Coal Terminal,6,79.3,3.39
2025-12-30,12,Taboneo Anchorage,4,106.0,2.89
2025-12-31,12,Haldia Dock Complex,5,135.9,5.54
2025-12-31,12,Paradip Port,10,92.4,4.4
2025-12-31,12,Vizag Port,4,134.1,3.08
2025-12-31,12,Dhamra Port,10,158.3,4.48
2025-12-31,12,Hay Point Coal Terminal,6,141.0,3.7
2025-12-31,12,Taboneo Anchorage,5,80.7,2.94
2026-01-01,1,Haldia Dock Complex,6,104.6,5.27
2026-01-01,1,Paradip Port,10,71.4,4.5
2026-01-01,1,Vizag Port,6,117.0,3.65
2026-01-01,1,Dhamra Port,6,149.6,3.59
2026-01-01,1,Hay Point Coal Terminal,11,109.7,4.49
2026-01-01,1,Taboneo Anchorage,8,76.1,3.37
2026-01-02,1,Haldia Dock Complex,10,81.5,6.05
2026-01-02,1,Paradip Port,6,145.7,4.56
2026-01-02,1,Vizag Port,9,59.2,3.55
2026-01-02,1,Dhamra Port,3,143.8,3.11
2026-01-02,1,Hay Point Coal Terminal,7,136.4,3.97
2026-01-02,1,Taboneo Anchorage,3,79.8,2.83
2026-01-03,1,Haldia Dock Complex,11,97.4,5.92
2026-01-03,1,Paradip Port,9,76.1,4.69
2026-01-03,1,Vizag Port,7,75.6,3.28
2026-01-03,1,Dhamra Port,3,66.9,2.61
2026-01-03,1,Hay Point Coal Terminal,3,93.0,2.9
2026-01-03,1,Taboneo Anchorage,5,124.4,3.61
2026-01-04,1,Haldia Dock Complex,12,156.0,6.69
2026-01-04,1,Paradip Port,6,61.0,3.84
2026-01-04,1,Vizag Port,7,98.2,3.34
2026-01-04,1,Dhamra Port,3,74.5,2.86
2026-01-04,1,Hay Point Coal Terminal,4,124.6,3.56
2026-01-04,1,Taboneo Anchorage,14,140.3,4.62
2026-01-05,1,Haldia Dock Complex,5,122.3,5.22
2026-01-05,1,Paradip Port,6,103.1,4.16
2026-01-05,1,Vizag Port,5,99.4,3.37
2026-01-05,1,Dhamra Port,10,142.2,4.58
2026-01-05,1,Hay Point Coal Terminal,6,92.0,3.4
2026-01-05,1,Taboneo Anchorage,8,57.1,3.48
2026-01-06,1,Haldia Dock Complex,6,128.2,5.21
2026-01-06,1,Paradip Port,8,123.1,4.69
2026-01-06,1,Vizag Port,8,65.6,3.61
2026-01-06,1,Dhamra Port,5,92.1,3.13
2026-01-06,1,Hay Point Coal Terminal,8,81.8,3.58
2026-01-06,1,Taboneo Anchorage,9,106.8,3.79
2026-01-07,1,Haldia Dock Complex,3,136.6,5.28
2026-01-07,1,Paradip Port,10,157.5,5.32
2026-01-07,1,Vizag Port,4,70.9,2.96
2026-01-07,1,Dhamra Port,7,54.2,3.01
2026-01-07,1,Hay Point Coal Terminal,6,155.4,3.72
2026-01-07,1,Taboneo Anchorage,7,135.3,3.4
2026-01-08,1,Haldia Dock Complex,10,62.9,6.11
2026-01-08,1,Paradip Port,7,108.0,4.24
2026-01-08,1,Vizag Port,4,74.2,3.28
2026-01-08,1,Dhamra Port,10,136.9,4.2
2026-01-08,1,Hay Point Coal Terminal,2,138.3,3.16
2026-01-08,1,Taboneo Anchorage,3,124.2,3.21
2026-01-09,1,Haldia Dock Complex,4,74.0,4.89
2026-01-09,1,Paradip Port,7,148.8,4.35
2026-01-09,1,Vizag Port,2,121.9,2.98
2026-01-09,1,Dhamra Port,5,68.3,3.12
2026-01-09,1,Hay Point Coal Terminal,7,89.1,3.46
2026-01-09,1,Taboneo Anchorage,5,93.3,3.18
2026-01-10,1,Haldia Dock Complex,4,100.2,5.33
2026-01-10,1,Paradip Port,14,57.8,5.17
2026-01-10,1,Vizag Port,9,54.9,3.66
2026-01-10,1,Dhamra Port,4,58.1,3.38
2026-01-10,1,Hay Point Coal Terminal,4,58.4,3.16
2026-01-10,1,Taboneo Anchorage,10,156.7,4.4
2026-01-11,1,Haldia Dock Complex,6,113.0,5.78
2026-01-11,1,Paradip Port,7,97.2,4.06
2026-01-11,1,Vizag Port,10,66.3,4.03
2026-01-11,1,Dhamra Port,6,151.8,3.84
2026-01-11,1,Hay Point Coal Terminal,10,77.0,3.93
2026-01-11,1,Taboneo Anchorage,2,97.8,2.65
2026-01-12,1,Haldia Dock Complex,6,61.8,5.1
2026-01-12,1,Paradip Port,7,57.5,4.34
2026-01-12,1,Vizag Port,9,72.4,3.07
2026-01-12,1,Dhamra Port,10,102.8,3.92
2026-01-12,1,Hay Point Coal Terminal,6,79.9,3.25
2026-01-12,1,Taboneo Anchorage,6,118.8,3.68
2026-01-13,1,Haldia Dock Complex,7,107.8,6.05
2026-01-13,1,Paradip Port,3,143.4,3.95
2026-01-13,1,Vizag Port,10,90.2,3.98
2026-01-13,1,Dhamra Port,3,104.0,3.06
2026-01-13,1,Hay Point Coal Terminal,6,133.3,3.44
2026-01-13,1,Taboneo Anchorage,7,83.3,4.06
2026-01-14,1,Haldia Dock Complex,13,138.0,6.89
2026-01-14,1,Paradip Port,8,149.0,4.64
2026-01-14,1,Vizag Port,7,123.0,4.0
2026-01-14,1,Dhamra Port,11,105.4,4.24
2026-01-14,1,Hay Point Coal Terminal,10,69.8,4.28
2026-01-14,1,Taboneo Anchorage,6,74.0,3.44
2026-01-15,1,Haldia Dock Complex,6,139.3,5.55
2026-01-15,1,Paradip Port,9,95.4,4.32
2026-01-15,1,Vizag Port,4,116.0,3.21
2026-01-15,1,Dhamra Port,5,113.5,3.52
2026-01-15,1,Hay Point Coal Terminal,7,64.3,3.14
2026-01-15,1,Taboneo Anchorage,11,60.7,3.83
2026-01-16,1,Haldia Dock Complex,9,113.5,5.82
2026-01-16,1,Paradip Port,7,115.6,4.2
2026-01-16,1,Vizag Port,5,160.0,3.88
2026-01-16,1,Dhamra Port,5,150.8,2.94
2026-01-16,1,Hay Point Coal Terminal,10,122.0,3.92
2026-01-16,1,Taboneo Anchorage,9,114.2,4.08
2026-01-17,1,Haldia Dock Complex,9,102.2,5.5
2026-01-17,1,Paradip Port,1,84.1,3.33
2026-01-17,1,Vizag Port,9,129.8,3.63
2026-01-17,1,Dhamra Port,5,116.6,3.05
2026-01-17,1,Hay Point Coal Terminal,12,127.8,4.69
2026-01-17,1,Taboneo Anchorage,5,127.0,3.47
2026-01-18,1,Haldia Dock Complex,5,133.7,5.57
2026-01-18,1,Paradip Port,3,142.4,4.13
2026-01-18,1,Vizag Port,6,156.2,3.75
2026-01-18,1,Dhamra Port,4,112.0,3.29
2026-01-18,1,Hay Point Coal Terminal,2,68.8,2.8
2026-01-18,1,Taboneo Anchorage,4,81.8,2.85
2026-01-19,1,Haldia Dock Complex,9,152.0,6.17
2026-01-19,1,Paradip Port,6,108.3,4.3
2026-01-19,1,Vizag Port,8,75.7,3.53
2026-01-19,1,Dhamra Port,5,115.7,3.19
2026-01-19,1,Hay Point Coal Terminal,10,148.8,4.22
2026-01-19,1,Taboneo Anchorage,8,58.6,3.35
2026-01-20,1,Haldia Dock Complex,8,136.2,6.22
2026-01-20,1,Paradip Port,10,127.8,4.79
2026-01-20,1,Vizag Port,5,77.7,3.25
2026-01-20,1,Dhamra Port,4,104.6,2.83
2026-01-20,1,Hay Point Coal Terminal,8,137.5,4.12
2026-01-20,1,Taboneo Anchorage,8,105.0,3.49
2026-01-21,1,Haldia Dock Complex,4,123.3,5.39
2026-01-21,1,Paradip Port,6,150.2,4.68
2026-01-21,1,Vizag Port,6,70.4,3.24
2026-01-21,1,Dhamra Port,4,156.1,3.34
2026-01-21,1,Hay Point Coal Terminal,6,91.0,3.34
2026-01-21,1,Taboneo Anchorage,5,141.2,3.34
2026-01-22,1,Haldia Dock Complex,6,118.0,5.15
2026-01-22,1,Paradip Port,4,74.1,3.65
2026-01-22,1,Vizag Port,6,136.7,3.69
2026-01-22,1,Dhamra Port,3,150.6,3.28
2026-01-22,1,Hay Point Coal Terminal,3,109.5,2.78
2026-01-22,1,Taboneo Anchorage,8,137.2,4.0
2026-01-23,1,Haldia Dock Complex,2,83.1,4.88
2026-01-23,1,Paradip Port,13,127.5,5.46
2026-01-23,1,Vizag Port,7,86.2,3.58
2026-01-23,1,Dhamra Port,7,85.3,3.24
2026-01-23,1,Hay Point Coal Terminal,3,137.7,3.11
2026-01-23,1,Taboneo Anchorage,7,80.2,3.48
2026-01-24,1,Haldia Dock Complex,8,74.7,5.12
2026-01-24,1,Paradip Port,7,110.9,4.24
2026-01-24,1,Vizag Port,9,59.2,3.59
2026-01-24,1,Dhamra Port,8,116.4,3.62
2026-01-24,1,Hay Point Coal Terminal,6,74.4,3.17
2026-01-24,1,Taboneo Anchorage,4,135.8,3.46
2026-01-25,1,Haldia Dock Complex,12,120.6,6.43
2026-01-25,1,Paradip Port,0,119.7,3.28
2026-01-25,1,Vizag Port,12,134.1,4.63
2026-01-25,1,Dhamra Port,13,78.7,4.43
2026-01-25,1,Hay Point Coal Terminal,6,161.3,3.56
2026-01-25,1,Taboneo Anchorage,3,79.2,2.97
2026-01-26,1,Haldia Dock Complex,8,72.2,5.61
2026-01-26,1,Paradip Port,6,83.0,4.1
2026-01-26,1,Vizag Port,5,131.7,3.36
2026-01-26,1,Dhamra Port,3,106.8,3.24
2026-01-26,1,Hay Point Coal Terminal,9,68.7,3.7
2026-01-26,1,Taboneo Anchorage,5,124.9,3.4
2026-01-27,1,Haldia Dock Complex,6,145.1,5.71
2026-01-27,1,Paradip Port,6,141.3,4.4
2026-01-27,1,Vizag Port,9,154.7,4.32
2026-01-27,1,Dhamra Port,9,97.3,3.68
2026-01-27,1,Hay Point Coal Terminal,9,147.4,4.27
2026-01-27,1,Taboneo Anchorage,6,129.7,3.27
2026-01-28,1,Haldia Dock Complex,4,103.4,5.08
2026-01-28,1,Paradip Port,7,105.5,3.86
2026-01-28,1,Vizag Port,5,93.8,3.42
2026-01-28,1,Dhamra Port,8,108.9,3.66
2026-01-28,1,Hay Point Coal Terminal,6,120.3,3.72
2026-01-28,1,Taboneo Anchorage,7,98.0,3.76
2026-01-29,1,Haldia Dock Complex,4,146.5,5.39
2026-01-29,1,Paradip Port,9,150.5,4.83
2026-01-29,1,Vizag Port,4,104.1,3.17
2026-01-29,1,Dhamra Port,6,152.4,3.92
2026-01-29,1,Hay Point Coal Terminal,7,86.4,3.67
2026-01-29,1,Taboneo Anchorage,5,65.0,3.34
2026-01-30,1,Haldia Dock Complex,9,77.1,5.61
2026-01-30,1,Paradip Port,7,72.0,3.96
2026-01-30,1,Vizag Port,9,85.2,3.71
2026-01-30,1,Dhamra Port,4,125.3,2.99
2026-01-30,1,Hay Point Coal Terminal,5,90.9,3.25
2026-01-30,1,Taboneo Anchorage,9,92.1,3.92
2026-01-31,1,Haldia Dock Complex,12,148.6,6.35
2026-01-31,1,Paradip Port,5,144.1,3.68
2026-01-31,1,Vizag Port,9,69.5,3.58
2026-01-31,1,Dhamra Port,7,106.9,3.76
2026-01-31,1,Hay Point Coal Terminal,6,120.6,3.33
2026-01-31,1,Taboneo Anchorage,8,54.4,3.62
2026-02-01,2,Haldia Dock Complex,9,63.0,5.75
2026-02-01,2,Paradip Port,7,76.8,3.77
2026-02-01,2,Vizag Port,5,155.9,3.82
2026-02-01,2,Dhamra Port,5,105.8,3.15
2026-02-01,2,Hay Point Coal Terminal,9,135.1,3.88
2026-02-01,2,Taboneo Anchorage,8,58.1,3.14
2026-02-02,2,Haldia Dock Complex,8,55.7,5.46
2026-02-02,2,Paradip Port,3,122.3,3.64
2026-02-02,2,Vizag Port,5,151.0,3.58
2026-02-02,2,Dhamra Port,4,96.3,3.24
2026-02-02,2,Hay Point Coal Terminal,8,141.6,3.85
2026-02-02,2,Taboneo Anchorage,5,115.4,3.25
2026-02-03,2,Haldia Dock Complex,6,66.3,5.31
2026-02-03,2,Paradip Port,7,147.7,4.38
2026-02-03,2,Vizag Port,6,61.9,3.05
2026-02-03,2,Dhamra Port,11,58.9,4.18
2026-02-03,2,Hay Point Coal Terminal,7,151.6,3.68
2026-02-03,2,Taboneo Anchorage,4,160.4,3.23
2026-02-04,2,Haldia Dock Complex,8,57.8,5.64
2026-02-04,2,Paradip Port,3,61.9,3.88
2026-02-04,2,Vizag Port,4,135.0,3.43
2026-02-04,2,Dhamra Port,7,96.9,3.36
2026-02-04,2,Hay Point Coal Terminal,4,79.1,2.85
2026-02-04,2,Taboneo Anchorage,4,80.6,2.88
2026-02-05,2,Haldia Dock Complex,12,99.8,6.35
2026-02-05,2,Paradip Port,5,97.9,3.94
2026-02-05,2,Vizag Port,3,148.8,2.88
2026-02-05,2,Dhamra Port,6,137.4,3.52
2026-02-05,2,Hay Point Coal Terminal,6,106.3,3.32
2026-02-05,2,Taboneo Anchorage,10,54.6,3.81
2026-02-06,2,Haldia Dock Complex,11,110.8,6.48
2026-02-06,2,Paradip Port,6,115.8,4.01
2026-02-06,2,Vizag Port,4,105.0,3.12
2026-02-06,2,Dhamra Port,3,90.2,2.62
2026-02-06,2,Hay Point Coal Terminal,11,141.4,4.76
2026-02-06,2,Taboneo Anchorage,9,141.5,4.09
2026-02-07,2,Haldia Dock Complex,4,147.2,5.66
2026-02-07,2,Paradip Port,12,56.6,4.51
2026-02-07,2,Vizag Port,4,128.4,3.37
2026-02-07,2,Dhamra Port,7,114.1,3.32
2026-02-07,2,Hay Point Coal Terminal,12,149.0,4.57
2026-02-07,2,Taboneo Anchorage,6,138.1,3.7
2026-02-08,2,Haldia Dock Complex,4,97.0,4.99
2026-02-08,2,Paradip Port,10,108.7,4.51
2026-02-08,2,Vizag Port,9,105.5,4.29
2026-02-08,2,Dhamra Port,7,138.8,3.58
2026-02-08,2,Hay Point Coal Terminal,10,81.3,3.97
2026-02-08,2,Taboneo Anchorage,9,124.6,3.72
2026-02-09,2,Haldia Dock Complex,11,69.2,5.82
2026-02-09,2,Paradip Port,10,122.2,5.04
2026-02-09,2,Vizag Port,10,158.5,4.32
2026-02-09,2,Dhamra Port,9,109.8,3.73
2026-02-09,2,Hay Point Coal Terminal,4,142.8,3.14
2026-02-09,2,Taboneo Anchorage,9,112.6,4.13
2026-02-10,2,Haldia Dock Complex,6,64.5,5.18
2026-02-10,2,Paradip Port,13,72.5,5.35
2026-02-10,2,Vizag Port,7,73.5,3.36
2026-02-10,2,Dhamra Port,2,141.8,3.05
2026-02-10,2,Hay Point Coal Terminal,9,90.7,4.07
2026-02-10,2,Taboneo Anchorage,6,80.3,3.68
2026-02-11,2,Haldia Dock Complex,11,75.3,6.34
2026-02-11,2,Paradip Port,7,133.0,4.56
2026-02-11,2,Vizag Port,5,114.7,3.35
2026-02-11,2,Dhamra Port,6,146.6,3.77
2026-02-11,2,Hay Point Coal Terminal,4,100.7,3.15
2026-02-11,2,Taboneo Anchorage,5,106.0,3.18
2026-02-12,2,Haldia Dock Complex,7,58.4,5.16
2026-02-12,2,Paradip Port,3,72.6,3.77
2026-02-12,2,Vizag Port,8,103.0,3.6
2026-02-12,2,Dhamra Port,12,81.8,4.11
2026-02-12,2,Hay Point Coal Terminal,8,131.3,3.76
2026-02-12,2,Taboneo Anchorage,8,128.8,4.03
2026-02-13,2,Haldia Dock Complex,8,138.8,6.17
2026-02-13,2,Paradip Port,4,129.3,4.1
2026-02-13,2,Vizag Port,4,79.7,3.19
2026-02-13,2,Dhamra Port,5,99.8,2.89
2026-02-13,2,Hay Point Coal Terminal,5,123.9,3.4
2026-02-13,2,Taboneo Anchorage,4,88.2,3.17
2026-02-14,2,Haldia Dock Complex,4,149.7,5.61
2026-02-14,2,Paradip Port,6,66.6,3.73
2026-02-14,2,Vizag Port,10,139.0,4.25
2026-02-14,2,Dhamra Port,9,98.2,4.11
2026-02-14,2,Hay Point Coal Terminal,6,135.9,4.01
2026-02-14,2,Taboneo Anchorage,5,95.4,3.38
2026-02-15,2,Haldia Dock Complex,8,136.4,5.95
2026-02-15,2,Paradip Port,10,160.0,5.34
2026-02-15,2,Vizag Port,8,145.7,3.85
2026-02-15,2,Dhamra Port,6,59.7,3.07
2026-02-15,2,Hay Point Coal Terminal,10,161.9,4.36
2026-02-15,2,Taboneo Anchorage,4,90.3,2.79
2026-02-16,2,Haldia Dock Complex,6,151.6,6.24
2026-02-16,2,Paradip Port,7,96.7,4.11
2026-02-16,2,Vizag Port,8,107.8,3.58
2026-02-16,2,Dhamra Port,2,96.7,2.73
2026-02-16,2,Hay Point Coal Terminal,5,56.7,2.94
2026-02-16,2,Taboneo Anchorage,9,161.9,4.27
2026-02-17,2,Haldia Dock Complex,6,154.5,5.58
2026-02-17,2,Paradip Port,8,138.5,4.64
2026-02-17,2,Vizag Port,8,70.1,3.89
2026-02-17,2,Dhamra Port,11,79.1,4.17
2026-02-17,2,Hay Point Coal Terminal,8,59.2,3.55
2026-02-17,2,Taboneo Anchorage,7,144.0,4.09
2026-02-18,2,Haldia Dock Complex,10,141.3,6.01
2026-02-18,2,Paradip Port,9,111.1,4.69
2026-02-18,2,Vizag Port,11,124.0,4.26
2026-02-18,2,Dhamra Port,5,117.6,3.53
2026-02-18,2,Hay Point Coal Terminal,8,69.9,3.53
2026-02-18,2,Taboneo Anchorage,11,127.6,4.27
2026-02-19,2,Haldia Dock Complex,5,60.7,5.37
2026-02-19,2,Paradip Port,5,117.4,4.06
2026-02-19,2,Vizag Port,3,57.1,3.0
2026-02-19,2,Dhamra Port,6,145.8,3.71
2026-02-19,2,Hay Point Coal Terminal,9,129.5,4.03
2026-02-19,2,Taboneo Anchorage,6,83.0,3.35
2026-02-20,2,Haldia Dock Complex,9,146.1,6.6
2026-02-20,2,Paradip Port,4,141.7,4.09
2026-02-20,2,Vizag Port,9,54.8,3.76
2026-02-20,2,Dhamra Port,6,102.5,3.61
2026-02-20,2,Hay Point Coal Terminal,6,156.9,3.8
2026-02-20,2,Taboneo Anchorage,4,157.4,3.45
2026-02-21,2,Haldia Dock Complex,8,60.8,5.66
2026-02-21,2,Paradip Port,3,103.0,3.91
2026-02-21,2,Vizag Port,5,93.4,2.97
2026-02-21,2,Dhamra Port,6,123.5,3.52
2026-02-21,2,Hay Point Coal Terminal,13,79.6,4.34
2026-02-21,2,Taboneo Anchorage,8,124.9,4.18
2026-02-22,2,Haldia Dock Complex,5,86.0,5.35
2026-02-22,2,Paradip Port,5,88.2,3.83
2026-02-22,2,Vizag Port,11,154.7,4.52
2026-02-22,2,Dhamra Port,6,130.4,3.61
2026-02-22,2,Hay Point Coal Terminal,4,139.2,3.49
2026-02-22,2,Taboneo Anchorage,9,69.2,3.63
2026-02-23,2,Haldia Dock Complex,7,115.6,5.69
2026-02-23,2,Paradip Port,4,109.4,4.02
2026-02-23,2,Vizag Port,5,126.8,3.46
2026-02-23,2,Dhamra Port,10,94.4,4.26
2026-02-23,2,Hay Point Coal Terminal,10,157.7,4.37
2026-02-23,2,Taboneo Anchorage,7,143.8,3.67
2026-02-24,2,Haldia Dock Complex,11,151.4,6.23
2026-02-24,2,Paradip Port,4,111.0,4.19
2026-02-24,2,Vizag Port,6,141.3,3.49
2026-02-24,2,Dhamra Port,15,94.1,4.89
2026-02-24,2,Hay Point Coal Terminal,10,113.3,4.33
2026-02-24,2,Taboneo Anchorage,9,74.3,4.1
2026-02-25,2,Haldia Dock Complex,3,136.3,5.07
2026-02-25,2,Paradip Port,5,75.3,4.25
2026-02-25,2,Vizag Port,6,111.6,3.5
2026-02-25,2,Dhamra Port,7,134.0,3.72
2026-02-25,2,Hay Point Coal Terminal,7,147.1,3.5
2026-02-25,2,Taboneo Anchorage,6,140.2,3.87
2026-02-26,2,Haldia Dock Complex,8,97.7,5.75
2026-02-26,2,Paradip Port,4,138.3,3.83
2026-02-26,2,Vizag Port,8,158.7,4.14
2026-02-26,2,Dhamra Port,8,99.8,3.87
2026-02-26,2,Hay Point Coal Terminal,8,77.9,3.31
2026-02-26,2,Taboneo Anchorage,9,80.3,3.52
2026-02-27,2,Haldia Dock Complex,10,143.6,6.39
2026-02-27,2,Paradip Port,10,120.3,4.48
2026-02-27,2,Vizag Port,6,133.2,3.36
2026-02-27,2,Dhamra Port,4,75.6,3.08
2026-02-27,2,Hay Point Coal Terminal,5,125.2,3.76
2026-02-27,2,Taboneo Anchorage,6,96.5,3.3
2026-02-28,2,Haldia Dock Complex,7,139.9,5.67
2026-02-28,2,Paradip Port,3,142.0,3.74
2026-02-28,2,Vizag Port,8,137.4,3.82
2026-02-28,2,Dhamra Port,12,135.4,4.96
2026-02-28,2,Hay Point Coal Terminal,6,104.9,3.3
2026-02-28,2,Taboneo Anchorage,5,111.8,3.09
2026-03-01,3,Haldia Dock Complex,5,37.6,3.55
2026-03-01,3,Paradip Port,3,67.6,2.61
2026-03-01,3,Vizag Port,5,43.7,2.33
2026-03-01,3,Dhamra Port,5,58.9,2.17
2026-03-01,3,Hay Point Coal Terminal,4,46.5,2.3
2026-03-01,3,Taboneo Anchorage,3,37.4,1.72
2026-03-02,3,Haldia Dock Complex,6,37.6,3.95
2026-03-02,3,Paradip Port,5,98.5,2.98
2026-03-02,3,Vizag Port,6,102.4,2.21
2026-03-02,3,Dhamra Port,6,79.9,3.06
2026-03-02,3,Hay Point Coal Terminal,5,64.9,2.44
2026-03-02,3,Taboneo Anchorage,10,75.9,3.07
2026-03-03,3,Haldia Dock Complex,10,97.2,4.66
2026-03-03,3,Paradip Port,10,43.8,3.61
2026-03-03,3,Vizag Port,5,85.7,2.55
2026-03-03,3,Dhamra Port,5,100.7,2.68
2026-03-03,3,Hay Point Coal Terminal,8,40.1,2.78
2026-03-03,3,Taboneo Anchorage,4,55.1,2.18
2026-03-04,3,Haldia Dock Complex,6,47.4,3.98
2026-03-04,3,Paradip Port,4,83.4,3.01
2026-03-04,3,Vizag Port,2,64.2,1.96
2026-03-04,3,Dhamra Port,2,62.0,1.8
2026-03-04,3,Hay Point Coal Terminal,7,38.4,2.7
2026-03-04,3,Taboneo Anchorage,9,82.1,3.14
2026-03-05,3,Haldia Dock Complex,2,48.5,3.51
2026-03-05,3,Paradip Port,3,105.0,2.77
2026-03-05,3,Vizag Port,5,53.2,2.61
2026-03-05,3,Dhamra Port,2,102.2,2.21
2026-03-05,3,Hay Point Coal Terminal,6,45.2,3.13
2026-03-05,3,Taboneo Anchorage,2,87.2,2.23
2026-03-06,3,Haldia Dock Complex,5,81.1,3.87
2026-03-06,3,Paradip Port,5,97.4,2.67
2026-03-06,3,Vizag Port,6,79.2,2.7
2026-03-06,3,Dhamra Port,6,106.0,2.71
2026-03-06,3,Hay Point Coal Terminal,2,43.3,1.95
2026-03-06,3,Taboneo Anchorage,5,53.5,2.24
2026-03-07,3,Haldia Dock Complex,7,46.4,4.43
2026-03-07,3,Paradip Port,5,84.9,3.14
2026-03-07,3,Vizag Port,4,84.1,2.29
2026-03-07,3,Dhamra Port,3,62.6,2.31
2026-03-07,3,Hay Point Coal Terminal,4,59.8,2.4
2026-03-07,3,Taboneo Anchorage,3,61.2,2.4
2026-03-08,3,Haldia Dock Complex,3,91.3,3.85
2026-03-08,3,Paradip Port,7,61.5,3.08
2026-03-08,3,Vizag Port,4,53.0,2.09
2026-03-08,3,Dhamra Port,5,88.1,2.47
2026-03-08,3,Hay Point Coal Terminal,2,80.0,2.27
2026-03-08,3,Taboneo Anchorage,6,86.9,2.54
2026-03-09,3,Haldia Dock Complex,3,40.6,3.49
2026-03-09,3,Paradip Port,4,94.8,2.58
2026-03-09,3,Vizag Port,3,87.4,2.12
2026-03-09,3,Dhamra Port,3,36.7,1.88
2026-03-09,3,Hay Point Coal Terminal,3,66.9,2.27
2026-03-09,3,Taboneo Anchorage,1,105.6,2.21
2026-03-10,3,Haldia Dock Complex,5,96.6,3.79
2026-03-10,3,Paradip Port,5,103.9,3.52
2026-03-10,3,Vizag Port,2,93.0,2.14
2026-03-10,3,Dhamra Port,4,88.7,2.01
2026-03-10,3,Hay Point Coal Terminal,4,57.0,2.22
2026-03-10,3,Taboneo Anchorage,4,92.2,2.69
2026-03-11,3,Haldia Dock Complex,7,98.8,3.77
2026-03-11,3,Paradip Port,3,70.2,2.67
2026-03-11,3,Vizag Port,5,37.3,2.43
2026-03-11,3,Dhamra Port,2,94.2,2.16
2026-03-11,3,Hay Point Coal Terminal,4,83.4,2.62
2026-03-11,3,Taboneo Anchorage,1,64.5,1.71
2026-03-12,3,Haldia Dock Complex,7,69.6,3.84
2026-03-12,3,Paradip Port,5,66.8,3.18
2026-03-12,3,Vizag Port,3,62.5,2.17
2026-03-12,3,Dhamra Port,4,36.7,2.23
2026-03-12,3,Hay Point Coal Terminal,6,46.7,2.51
2026-03-12,3,Taboneo Anchorage,3,74.8,2.09
2026-03-13,3,Haldia Dock Complex,4,88.1,3.86
2026-03-13,3,Paradip Port,4,57.3,2.53
2026-03-13,3,Vizag Port,2,88.4,2.36
2026-03-13,3,Dhamra Port,8,60.6,2.98
2026-03-13,3,Hay Point Coal Terminal,7,99.1,3.09
2026-03-13,3,Taboneo Anchorage,2,55.4,1.94
2026-03-14,3,Haldia Dock Complex,11,94.3,4.81
2026-03-14,3,Paradip Port,6,96.8,3.31
2026-03-14,3,Vizag Port,3,103.3,2.38
2026-03-14,3,Dhamra Port,6,67.9,2.51
2026-03-14,3,Hay Point Coal Terminal,6,84.1,2.82
2026-03-14,3,Taboneo Anchorage,7,40.1,2.66
2026-03-15,3,Haldia Dock Complex,7,53.3,3.85
2026-03-15,3,Paradip Port,5,38.6,2.69
2026-03-15,3,Vizag Port,2,41.5,1.64
2026-03-15,3,Dhamra Port,2,44.1,1.92
2026-03-15,3,Hay Point Coal Terminal,3,42.1,2.02
2026-03-15,3,Taboneo Anchorage,2,101.9,2.04
2026-03-16,3,Haldia Dock Complex,8,107.6,4.79
2026-03-16,3,Paradip Port,6,99.6,3.15
2026-03-16,3,Vizag Port,5,39.8,2.58
2026-03-16,3,Dhamra Port,6,59.0,2.38
2026-03-16,3,Hay Point Coal Terminal,2,58.7,2.08
2026-03-16,3,Taboneo Anchorage,8,85.9,3.2
2026-03-17,3,Haldia Dock Complex,4,55.9,3.88
2026-03-17,3,Paradip Port,3,51.0,2.27
2026-03-17,3,Vizag Port,2,90.4,2.39
2026-03-17,3,Dhamra Port,5,84.3,2.3
2026-03-17,3,Hay Point Coal Terminal,5,59.1,2.73
2026-03-17,3,Taboneo Anchorage,4,77.3,2.44
2026-03-18,3,Haldia Dock Complex,3,43.1,3.18
2026-03-18,3,Paradip Port,8,49.9,3.54
2026-03-18,3,Vizag Port,4,57.6,2.19
2026-03-18,3,Dhamra Port,3,43.0,1.97
2026-03-18,3,Hay Point Coal Terminal,3,44.6,1.91
2026-03-18,3,Taboneo Anchorage,4,46.4,2.08
2026-03-19,3,Haldia Dock Complex,4,41.8,3.52
2026-03-19,3,Paradip Port,5,65.8,3.02
2026-03-19,3,Vizag Port,6,87.8,2.68
2026-03-19,3,Dhamra Port,5,102.4,2.44
2026-03-19,3,Hay Point Coal Terminal,5,104.9,2.71
2026-03-19,3,Taboneo Anchorage,4,83.1,2.24
2026-03-20,3,Haldia Dock Complex,6,51.4,3.69
2026-03-20,3,Paradip Port,4,58.1,2.79
2026-03-20,3,Vizag Port,2,84.9,2.08
2026-03-20,3,Dhamra Port,5,63.7,2.72
2026-03-20,3,Hay Point Coal Terminal,10,55.3,3.18
2026-03-20,3,Taboneo Anchorage,3,72.3,2.24
2026-03-21,3,Haldia Dock Complex,2,81.4,3.25
2026-03-21,3,Paradip Port,4,96.5,2.83
2026-03-21,3,Vizag Port,10,51.7,3.12
2026-03-21,3,Dhamra Port,3,89.0,2.36
2026-03-21,3,Hay Point Coal Terminal,5,79.4,2.2
2026-03-21,3,Taboneo Anchorage,1,93.5,1.71
2026-03-22,3,Haldia Dock Complex,4,99.6,3.71
2026-03-22,3,Paradip Port,12,79.0,4.19
2026-03-22,3,Vizag Port,5,45.6,2.59
2026-03-22,3,Dhamra Port,5,87.7,2.22
2026-03-22,3,Hay Point Coal Terminal,3,68.4,2.18
2026-03-22,3,Taboneo Anchorage,3,52.2,1.82
2026-03-23,3,Haldia Dock Complex,5,45.7,3.91
2026-03-23,3,Paradip Port,3,73.3,2.52
2026-03-23,3,Vizag Port,7,77.5,2.85
2026-03-23,3,Dhamra Port,4,68.7,2.39
2026-03-23,3,Hay Point Coal Terminal,7,45.4,2.7
2026-03-23,3,Taboneo Anchorage,7,65.6,2.57
2026-03-24,3,Haldia Dock Complex,8,60.7,4.16
2026-03-24,3,Paradip Port,5,73.4,2.81
2026-03-24,3,Vizag Port,2,68.8,2.24
2026-03-24,3,Dhamra Port,7,80.3,2.61
2026-03-24,3,Hay Point Coal Terminal,5,99.5,2.6
2026-03-24,3,Taboneo Anchorage,5,103.3,2.85
2026-03-25,3,Haldia Dock Complex,4,99.4,3.96
2026-03-25,3,Paradip Port,4,88.2,3.0
2026-03-25,3,Vizag Port,4,58.7,2.48
2026-03-25,3,Dhamra Port,4,84.1,2.16
2026-03-25,3,Hay Point Coal Terminal,3,62.3,2.24
2026-03-25,3,Taboneo Anchorage,2,86.3,2.25
2026-03-26,3,Haldia Dock Complex,3,82.3,3.78
2026-03-26,3,Paradip Port,6,65.1,2.74
2026-03-26,3,Vizag Port,6,80.9,2.53
2026-03-26,3,Dhamra Port,6,57.9,1.98
2026-03-26,3,Hay Point Coal Terminal,10,63.5,3.16
2026-03-26,3,Taboneo Anchorage,4,54.8,2.48
2026-03-27,3,Haldia Dock Complex,10,74.0,4.59
2026-03-27,3,Paradip Port,9,105.6,3.47
2026-03-27,3,Vizag Port,6,44.1,2.53
2026-03-27,3,Dhamra Port,4,85.3,2.27
2026-03-27,3,Hay Point Coal Terminal,5,89.5,2.75
2026-03-27,3,Taboneo Anchorage,2,63.8,1.89
2026-03-28,3,Haldia Dock Complex,8,87.4,4.27
2026-03-28,3,Paradip Port,6,56.7,2.99
2026-03-28,3,Vizag Port,1,51.8,2.0
2026-03-28,3,Dhamra Port,8,72.2,2.91
2026-03-28,3,Hay Point Coal Terminal,3,100.8,2.41
2026-03-28,3,Taboneo Anchorage,2,45.6,1.75
2026-03-29,3,Haldia Dock Complex,3,78.2,3.46
2026-03-29,3,Paradip Port,9,77.2,3.23
2026-03-29,3,Vizag Port,7,43.2,2.72
2026-03-29,3,Dhamra Port,9,77.8,3.15
2026-03-29,3,Hay Point Coal Terminal,8,94.9,3.11
2026-03-29,3,Taboneo Anchorage,2,42.2,1.88
2026-03-30,3,Haldia Dock Complex,2,43.6,3.4
2026-03-30,3,Paradip Port,10,101.2,3.78
2026-03-30,3,Vizag Port,3,103.8,2.71
2026-03-30,3,Dhamra Port,7,68.5,2.91
2026-03-30,3,Hay Point Coal Terminal,5,55.8,2.25
2026-03-30,3,Taboneo Anchorage,3,93.1,2.29
2026-03-31,3,Haldia Dock Complex,2,61.0,3.2
2026-03-31,3,Paradip Port,5,36.4,2.79
2026-03-31,3,Vizag Port,8,58.0,2.8
2026-03-31,3,Dhamra Port,5,70.3,1.81
2026-03-31,3,Hay Point Coal Terminal,4,67.6,2.39
2026-03-31,3,Taboneo Anchorage,7,61.5,2.83
2026-04-01,4,Haldia Dock Complex,5,39.4,3.5
2026-04-01,4,Paradip Port,2,80.4,2.25
2026-04-01,4,Vizag Port,8,68.2,2.76
2026-04-01,4,Dhamra Port,4,87.7,2.44
2026-04-01,4,Hay Point Coal Terminal,6,100.9,3.01
2026-04-01,4,Taboneo Anchorage,5,65.7,2.37
2026-04-02,4,Haldia Dock Complex,1,51.3,2.82
2026-04-02,4,Paradip Port,7,56.0,3.69
2026-04-02,4,Vizag Port,0,98.3,1.81
2026-04-02,4,Dhamra Port,5,43.0,2.34
2026-04-02,4,Hay Point Coal Terminal,1,100.7,2.24
2026-04-02,4,Taboneo Anchorage,2,63.8,1.99
2026-04-03,4,Haldia Dock Complex,3,41.7,3.29
2026-04-03,4,Paradip Port,3,90.4,3.01
2026-04-03,4,Vizag Port,3,56.7,1.89
2026-04-03,4,Dhamra Port,6,80.5,2.61
2026-04-03,4,Hay Point Coal Terminal,1,103.1,2.17
2026-04-03,4,Taboneo Anchorage,6,87.0,2.7
2026-04-04,4,Haldia Dock Complex,4,50.5,3.23
2026-04-04,4,Paradip Port,2,105.9,2.3
2026-04-04,4,Vizag Port,5,102.0,2.82
2026-04-04,4,Dhamra Port,3,40.8,2.08
2026-04-04,4,Hay Point Coal Terminal,2,48.0,1.5
2026-04-04,4,Taboneo Anchorage,5,97.4,2.45
2026-04-05,4,Haldia Dock Complex,6,100.5,4.24
2026-04-05,4,Paradip Port,2,52.0,2.52
2026-04-05,4,Vizag Port,4,83.2,2.03
2026-04-05,4,Dhamra Port,3,106.7,2.54
2026-04-05,4,Hay Point Coal Terminal,5,69.4,2.28
2026-04-05,4,Taboneo Anchorage,3,53.8,1.95
2026-04-06,4,Haldia Dock Complex,8,63.2,3.92
2026-04-06,4,Paradip Port,2,101.7,2.8
2026-04-06,4,Vizag Port,6,56.8,2.54
2026-04-06,4,Dhamra Port,4,57.3,2.4
2026-04-06,4,Hay Point Coal Terminal,2,82.2,2.49
2026-04-06,4,Taboneo Anchorage,3,63.6,1.76
2026-04-07,4,Haldia Dock Complex,4,68.9,3.55
2026-04-07,4,Paradip Port,3,95.7,2.5
2026-04-07,4,Vizag Port,8,87.3,2.99
2026-04-07,4,Dhamra Port,4,75.0,2.39
2026-04-07,4,Hay Point Coal Terminal,1,60.3,2.1
2026-04-07,4,Taboneo Anchorage,5,82.3,2.43
2026-04-08,4,Haldia Dock Complex,4,81.1,3.62
2026-04-08,4,Paradip Port,6,48.6,2.84
2026-04-08,4,Vizag Port,4,88.3,2.93
2026-04-08,4,Dhamra Port,4,74.7,1.94
2026-04-08,4,Hay Point Coal Terminal,8,59.0,2.61
2026-04-08,4,Taboneo Anchorage,3,45.0,2.0
2026-04-09,4,Haldia Dock Complex,3,101.9,3.81
2026-04-09,4,Paradip Port,4,64.6,2.97
2026-04-09,4,Vizag Port,3,65.4,2.22
2026-04-09,4,Dhamra Port,11,104.5,3.51
2026-04-09,4,Hay Point Coal Terminal,5,87.9,2.61
2026-04-09,4,Taboneo Anchorage,6,60.3,2.89
2026-04-10,4,Haldia Dock Complex,2,107.0,3.64
2026-04-10,4,Paradip Port,1,52.2,2.21
2026-04-10,4,Vizag Port,2,41.4,1.76
2026-04-10,4,Dhamra Port,12,49.8,3.35
2026-04-10,4,Hay Point Coal Terminal,5,42.6,2.28
2026-04-10,4,Taboneo Anchorage,6,97.4,2.59
2026-04-11,4,Haldia Dock Complex,5,91.7,3.89
2026-04-11,4,Paradip Port,7,88.9,3.29
2026-04-11,4,Vizag Port,1,100.9,2.22
2026-04-11,4,Dhamra Port,7,79.9,2.83
2026-04-11,4,Hay Point Coal Terminal,8,87.3,2.84
2026-04-11,4,Taboneo Anchorage,3,76.9,2.36
2026-04-12,4,Haldia Dock Complex,2,74.5,3.04
2026-04-12,4,Paradip Port,6,71.6,2.94
2026-04-12,4,Vizag Port,1,67.9,2.13
2026-04-12,4,Dhamra Port,4,91.8,2.18
2026-04-12,4,Hay Point Coal Terminal,2,99.7,2.68
2026-04-12,4,Taboneo Anchorage,2,67.0,2.08
2026-04-13,4,Haldia Dock Complex,4,80.9,3.29
2026-04-13,4,Paradip Port,2,37.8,2.06
2026-04-13,4,Vizag Port,2,91.7,2.26
2026-04-13,4,Dhamra Port,6,106.2,3.08
2026-04-13,4,Hay Point Coal Terminal,3,47.0,1.96
2026-04-13,4,Taboneo Anchorage,4,106.0,2.65
2026-04-14,4,Haldia Dock Complex,6,65.1,4.01
2026-04-14,4,Paradip Port,6,61.7,2.95
2026-04-14,4,Vizag Port,0,93.9,1.9
2026-04-14,4,Dhamra Port,6,51.9,2.86
2026-04-14,4,Hay Point Coal Terminal,8,102.6,3.35
2026-04-14,4,Taboneo Anchorage,3,72.9,2.22
2026-04-15,4,Haldia Dock Complex,6,49.9,3.58
2026-04-15,4,Paradip Port,3,99.3,3.12
2026-04-15,4,Vizag Port,4,89.7,2.15
2026-04-15,4,Dhamra Port,2,59.6,1.68
2026-04-15,4,Hay Point Coal Terminal,5,106.4,2.6
2026-04-15,4,Taboneo Anchorage,3,61.1,2.34
2026-04-16,4,Haldia Dock Complex,5,88.9,4.2
2026-04-16,4,Paradip Port,3,59.0,2.63
2026-04-16,4,Vizag Port,6,75.3,2.78
2026-04-16,4,Dhamra Port,3,41.6,1.95
2026-04-16,4,Hay Point Coal Terminal,1,89.7,2.02
2026-04-16,4,Taboneo Anchorage,7,56.9,2.45
2026-04-17,4,Haldia Dock Complex,5,101.6,3.44
2026-04-17,4,Paradip Port,3,52.4,2.55
2026-04-17,4,Vizag Port,6,96.0,2.51
2026-04-17,4,Dhamra Port,5,68.3,2.49
2026-04-17,4,Hay Point Coal Terminal,5,63.4,2.75
2026-04-17,4,Taboneo Anchorage,2,97.4,2.4
2026-04-18,4,Haldia Dock Complex,7,37.3,4.08
2026-04-18,4,Paradip Port,4,96.2,2.6
2026-04-18,4,Vizag Port,2,39.1,2.16
2026-04-18,4,Dhamra Port,5,69.6,2.32
2026-04-18,4,Hay Point Coal Terminal,6,75.8,2.47
2026-04-18,4,Taboneo Anchorage,1,64.9,1.75
2026-04-19,4,Haldia Dock Complex,1,95.4,2.98
2026-04-19,4,Paradip Port,4,39.8,2.66
2026-04-19,4,Vizag Port,6,72.0,2.99
2026-04-19,4,Dhamra Port,5,100.1,2.66
2026-04-19,4,Hay Point Coal Terminal,7,77.7,2.78
2026-04-19,4,Taboneo Anchorage,7,59.5,2.75
2026-04-20,4,Haldia Dock Complex,4,99.3,3.32
2026-04-20,4,Paradip Port,3,80.7,2.74
2026-04-20,4,Vizag Port,1,75.8,1.54
2026-04-20,4,Dhamra Port,3,72.8,2.53
2026-04-20,4,Hay Point Coal Terminal,4,50.6,2.13
2026-04-20,4,Taboneo Anchorage,4,91.5,2.59
2026-04-21,4,Haldia Dock Complex,2,71.4,3.3
2026-04-21,4,Paradip Port,7,103.6,3.49
2026-04-21,4,Vizag Port,6,95.5,2.79
2026-04-21,4,Dhamra Port,4,47.5,1.84
2026-04-21,4,Hay Point Coal Terminal,6,47.3,2.31
2026-04-21,4,Taboneo Anchorage,2,55.7,1.61
2026-04-22,4,Haldia Dock Complex,1,96.7,3.38
2026-04-22,4,Paradip Port,7,86.8,3.31
2026-04-22,4,Vizag Port,3,48.4,1.97
2026-04-22,4,Dhamra Port,5,79.5,2.31
2026-04-22,4,Hay Point Coal Terminal,6,85.7,2.51
2026-04-22,4,Taboneo Anchorage,4,45.4,2.36
2026-04-23,4,Haldia Dock Complex,1,67.1,3.42
2026-04-23,4,Paradip Port,5,42.2,2.56
2026-04-23,4,Vizag Port,6,77.7,2.6
2026-04-23,4,Dhamra Port,7,89.1,2.86
2026-04-23,4,Hay Point Coal Terminal,5,42.6,2.38
2026-04-23,4,Taboneo Anchorage,4,70.7,2.31
2026-04-24,4,Haldia Dock Complex,5,107.7,4.08
2026-04-24,4,Paradip Port,6,42.2,2.97
2026-04-24,4,Vizag Port,7,91.0,2.79
2026-04-24,4,Dhamra Port,7,92.9,2.83
2026-04-24,4,Hay Point Coal Terminal,4,71.5,2.29
2026-04-24,4,Taboneo Anchorage,3,61.0,2.06
2026-04-25,4,Haldia Dock Complex,6,65.8,3.7
2026-04-25,4,Paradip Port,6,59.5,2.74
2026-04-25,4,Vizag Port,4,51.8,2.25
2026-04-25,4,Dhamra Port,3,94.5,2.22
2026-04-25,4,Hay Point Coal Terminal,3,50.5,2.22
2026-04-25,4,Taboneo Anchorage,3,50.1,2.25
2026-04-26,4,Haldia Dock Complex,4,66.6,3.53
2026-04-26,4,Paradip Port,8,82.1,3.33
2026-04-26,4,Vizag Port,4,85.7,2.37
2026-04-26,4,Dhamra Port,5,53.4,2.65
2026-04-26,4,Hay Point Coal Terminal,3,40.8,1.87
2026-04-26,4,Taboneo Anchorage,9,101.2,4.1
2026-04-27,4,Haldia Dock Complex,2,81.1,3.5
2026-04-27,4,Paradip Port,8,41.6,3.41
2026-04-27,4,Vizag Port,7,41.1,2.8
2026-04-27,4,Dhamra Port,3,40.5,1.76
2026-04-27,4,Hay Point Coal Terminal,2,91.7,2.31
2026-04-27,4,Taboneo Anchorage,6,71.5,2.49
2026-04-28,4,Haldia Dock Complex,2,52.8,2.99
2026-04-28,4,Paradip Port,4,80.2,2.95
2026-04-28,4,Vizag Port,7,97.0,2.69
2026-04-28,4,Dhamra Port,2,49.3,1.84
2026-04-28,4,Hay Point Coal Terminal,7,87.0,3.16
2026-04-28,4,Taboneo Anchorage,5,104.6,2.87
2026-04-29,4,Haldia Dock Complex,3,98.5,3.83
2026-04-29,4,Paradip Port,4,53.3,2.53
2026-04-29,4,Vizag Port,7,98.1,3.12
2026-04-29,4,Dhamra Port,3,74.6,2.26
2026-04-29,4,Hay Point Coal Terminal,6,44.5,2.26
2026-04-29,4,Taboneo Anchorage,6,94.2,2.52
2026-04-30,4,Haldia Dock Complex,6,41.1,3.83
2026-04-30,4,Paradip Port,6,79.0,3.22
2026-04-30,4,Vizag Port,5,107.8,2.5
2026-04-30,4,Dhamra Port,3,52.6,2.24
2026-04-30,4,Hay Point Coal Terminal,6,66.3,2.68
2026-04-30,4,Taboneo Anchorage,6,97.5,2.86
2026-05-01,5,Haldia Dock Complex,4,79.9,3.53
2026-05-01,5,Paradip Port,4,56.1,2.96
2026-05-01,5,Vizag Port,2,92.3,1.97
2026-05-01,5,Dhamra Port,6,44.8,2.55
2026-05-01,5,Hay Point Coal Terminal,6,93.7,2.97
2026-05-01,5,Taboneo Anchorage,4,67.8,2.14
2026-05-02,5,Haldia Dock Complex,4,104.2,3.46
2026-05-02,5,Paradip Port,7,54.2,3.17
2026-05-02,5,Vizag Port,5,103.4,2.59
2026-05-02,5,Dhamra Port,4,67.1,2.29
2026-05-02,5,Hay Point Coal Terminal,7,62.0,2.45
2026-05-02,5,Taboneo Anchorage,4,37.6,2.26
2026-05-03,5,Haldia Dock Complex,2,67.4,3.29
2026-05-03,5,Paradip Port,9,86.9,3.39
2026-05-03,5,Vizag Port,6,93.2,2.54
2026-05-03,5,Dhamra Port,6,41.0,2.12
2026-05-03,5,Hay Point Coal Terminal,0,101.8,1.69
2026-05-03,5,Taboneo Anchorage,6,49.8,2.01
2026-05-04,5,Haldia Dock Complex,3,84.7,3.74
2026-05-04,5,Paradip Port,8,67.9,3.34
2026-05-04,5,Vizag Port,3,106.5,2.26
2026-05-04,5,Dhamra Port,4,50.4,2.09
2026-05-04,5,Hay Point Coal Terminal,3,79.7,2.08
2026-05-04,5,Taboneo Anchorage,5,60.4,2.18
2026-05-05,5,Haldia Dock Complex,5,78.9,3.77
2026-05-05,5,Paradip Port,4,71.0,2.74
2026-05-05,5,Vizag Port,4,54.1,2.32
2026-05-05,5,Dhamra Port,8,91.4,2.8
2026-05-05,5,Hay Point Coal Terminal,3,106.3,2.0
2026-05-05,5,Taboneo Anchorage,5,60.0,2.39
2026-05-06,5,Haldia Dock Complex,2,40.5,3.48
2026-05-06,5,Paradip Port,5,39.2,2.84
2026-05-06,5,Vizag Port,5,45.6,2.61
2026-05-06,5,Dhamra Port,5,87.3,2.58
2026-05-06,5,Hay Point Coal Terminal,1,78.9,1.92
2026-05-06,5,Taboneo Anchorage,7,68.6,2.86
2026-05-07,5,Haldia Dock Complex,8,42.2,4.04
2026-05-07,5,Paradip Port,9,46.5,3.14
2026-05-07,5,Vizag Port,7,57.1,2.68
2026-05-07,5,Dhamra Port,6,103.0,2.84
2026-05-07,5,Hay Point Coal Terminal,10,98.5,3.29
2026-05-07,5,Taboneo Anchorage,2,49.9,1.77
2026-05-08,5,Haldia Dock Complex,3,86.1,3.88
2026-05-08,5,Paradip Port,4,71.1,3.01
2026-05-08,5,Vizag Port,4,58.3,2.22
2026-05-08,5,Dhamra Port,3,78.8,2.4
2026-05-08,5,Hay Point Coal Terminal,4,65.1,2.17
2026-05-08,5,Taboneo Anchorage,5,75.3,1.98
2026-05-09,5,Haldia Dock Complex,9,99.5,4.36
2026-05-09,5,Paradip Port,9,73.2,3.17
2026-05-09,5,Vizag Port,2,65.2,1.95
2026-05-09,5,Dhamra Port,4,98.8,2.72
2026-05-09,5,Hay Point Coal Terminal,7,60.1,2.22
2026-05-09,5,Taboneo Anchorage,1,51.3,2.1
2026-05-10,5,Haldia Dock Complex,8,69.9,4.28
2026-05-10,5,Paradip Port,4,101.6,3.1
2026-05-10,5,Vizag Port,4,90.1,2.15
2026-05-10,5,Dhamra Port,4,43.4,2.03
2026-05-10,5,Hay Point Coal Terminal,5,87.2,2.7
2026-05-10,5,Taboneo Anchorage,4,39.8,2.37
2026-05-11,5,Haldia Dock Complex,9,100.1,4.29
2026-05-11,5,Paradip Port,6,62.3,3.04
2026-05-11,5,Vizag Port,4,51.1,2.21
2026-05-11,5,Dhamra Port,9,51.0,3.18
2026-05-11,5,Hay Point Coal Terminal,5,99.2,2.48
2026-05-11,5,Taboneo Anchorage,4,105.8,2.6
2026-05-12,5,Haldia Dock Complex,7,66.9,4.51
2026-05-12,5,Paradip Port,3,59.4,2.58
2026-05-12,5,Vizag Port,6,72.1,2.56
2026-05-12,5,Dhamra Port,5,94.6,2.76
2026-05-12,5,Hay Point Coal Terminal,3,46.6,2.39
2026-05-12,5,Taboneo Anchorage,8,37.2,2.82
2026-05-13,5,Haldia Dock Complex,8,59.2,4.1
2026-05-13,5,Paradip Port,2,78.1,2.47
2026-05-13,5,Vizag Port,2,43.6,1.67
2026-05-13,5,Dhamra Port,7,107.5,2.86
2026-05-13,5,Hay Point Coal Terminal,3,107.2,2.44
2026-05-13,5,Taboneo Anchorage,7,104.1,3.16
2026-05-14,5,Haldia Dock Complex,9,101.5,4.38
2026-05-14,5,Paradip Port,3,102.3,2.47
2026-05-14,5,Vizag Port,4,95.4,2.82
2026-05-14,5,Dhamra Port,3,38.4,2.1
2026-05-14,5,Hay Point Coal Terminal,4,66.9,2.26
2026-05-14,5,Taboneo Anchorage,3,104.2,2.63
2026-05-15,5,Haldia Dock Complex,1,47.3,2.85
2026-05-15,5,Paradip Port,3,81.1,2.99
2026-05-15,5,Vizag Port,5,52.0,2.43
2026-05-15,5,Dhamra Port,5,51.7,2.43
2026-05-15,5,Hay Point Coal Terminal,1,49.8,1.46
2026-05-15,5,Taboneo Anchorage,11,74.7,3.38
2026-05-16,5,Haldia Dock Complex,6,96.9,3.96
2026-05-16,5,Paradip Port,5,61.3,2.49
2026-05-16,5,Vizag Port,3,39.0,1.98
2026-05-16,5,Dhamra Port,1,83.2,1.9
2026-05-16,5,Hay Point Coal Terminal,4,102.6,2.36
2026-05-16,5,Taboneo Anchorage,6,69.8,2.56
2026-05-17,5,Haldia Dock Complex,1,92.3,3.3
2026-05-17,5,Paradip Port,3,78.0,2.5
2026-05-17,5,Vizag Port,1,83.8,1.67
2026-05-17,5,Dhamra Port,2,82.3,2.08
2026-05-17,5,Hay Point Coal Terminal,1,46.8,2.0
2026-05-17,5,Taboneo Anchorage,4,93.4,2.35
2026-05-18,5,Haldia Dock Complex,7,67.7,4.36
2026-05-18,5,Paradip Port,4,92.4,3.06
2026-05-18,5,Vizag Port,2,79.5,1.87
2026-05-18,5,Dhamra Port,8,76.5,3.25
2026-05-18,5,Hay Point Coal Terminal,3,41.6,1.89
2026-05-18,5,Taboneo Anchorage,5,104.0,2.7
2026-05-19,5,Haldia Dock Complex,4,39.5,3.36
2026-05-19,5,Paradip Port,3,56.9,2.87
2026-05-19,5,Vizag Port,3,57.7,2.05
2026-05-19,5,Dhamra Port,6,88.0,2.78
2026-05-19,5,Hay Point Coal Terminal,1,78.8,1.94
2026-05-19,5,Taboneo Anchorage,3,48.4,2.25
2026-05-20,5,Haldia Dock Complex,2,86.8,3.52
2026-05-20,5,Paradip Port,8,54.0,3.51
2026-05-20,5,Vizag Port,3,82.6,2.04
2026-05-20,5,Dhamra Port,5,58.0,2.36
2026-05-20,5,Hay Point Coal Terminal,3,61.4,2.24
2026-05-20,5,Taboneo Anchorage,3,92.8,2.26
2026-05-21,5,Haldia Dock Complex,0,45.2,2.6
2026-05-21,5,Paradip Port,2,72.8,2.51
2026-05-21,5,Vizag Port,6,42.3,2.44
2026-05-21,5,Dhamra Port,4,75.5,2.97
2026-05-21,5,Hay Point Coal Terminal,3,87.2,2.45
2026-05-21,5,Taboneo Anchorage,4,54.5,2.29
2026-05-22,5,Haldia Dock Complex,5,59.8,3.45
2026-05-22,5,Paradip Port,6,44.7,2.53
2026-05-22,5,Vizag Port,9,48.0,2.79
2026-05-22,5,Dhamra Port,4,74.2,2.56
2026-05-22,5,Hay Point Coal Terminal,6,83.7,3.1
2026-05-22,5,Taboneo Anchorage,2,74.4,2.02
2026-05-23,5,Haldia Dock Complex,5,95.7,3.66
2026-05-23,5,Paradip Port,4,89.0,2.9
2026-05-23,5,Vizag Port,4,60.8,2.18
2026-05-23,5,Dhamra Port,7,41.6,2.25
2026-05-23,5,Hay Point Coal Terminal,6,90.1,2.73
2026-05-23,5,Taboneo Anchorage,3,73.5,2.0
2026-05-24,5,Haldia Dock Complex,2,95.9,3.54
2026-05-24,5,Paradip Port,2,97.1,2.65
2026-05-24,5,Vizag Port,5,106.0,2.72
2026-05-24,5,Dhamra Port,6,62.0,2.69
2026-05-24,5,Hay Point Coal Terminal,2,75.1,1.9
2026-05-24,5,Taboneo Anchorage,4,51.2,2.32
2026-05-25,5,Haldia Dock Complex,6,55.3,4.15
2026-05-25,5,Paradip Port,3,86.5,2.72
2026-05-25,5,Vizag Port,4,98.6,2.62
2026-05-25,5,Dhamra Port,4,45.6,2.12
2026-05-25,5,Hay Point Coal Terminal,9,62.4,2.91
2026-05-25,5,Taboneo Anchorage,1,82.7,2.24
2026-05-26,5,Haldia Dock Complex,5,55.7,3.45
2026-05-26,5,Paradip Port,5,89.3,2.95
2026-05-26,5,Vizag Port,7,102.6,2.76
2026-05-26,5,Dhamra Port,1,95.9,1.9
2026-05-26,5,Hay Point Coal Terminal,5,95.8,2.49
2026-05-26,5,Taboneo Anchorage,3,44.9,1.8
2026-05-27,5,Haldia Dock Complex,3,43.9,3.21
2026-05-27,5,Paradip Port,4,47.5,2.67
2026-05-27,5,Vizag Port,4,38.8,2.41
2026-05-27,5,Dhamra Port,8,84.6,2.94
2026-05-27,5,Hay Point Coal Terminal,5,44.8,2.5
2026-05-27,5,Taboneo Anchorage,4,46.0,2.09
2026-05-28,5,Haldia Dock Complex,5,37.4,3.55
2026-05-28,5,Paradip Port,5,103.0,3.1
2026-05-28,5,Vizag Port,3,37.3,2.28
2026-05-28,5,Dhamra Port,3,79.9,2.45
2026-05-28,5,Hay Point Coal Terminal,10,39.5,3.04
2026-05-28,5,Taboneo Anchorage,5,98.0,2.84
2026-05-29,5,Haldia Dock Complex,3,37.1,3.15
2026-05-29,5,Paradip Port,5,98.5,3.03
2026-05-29,5,Vizag Port,6,40.8,2.39
2026-05-29,5,Dhamra Port,7,104.2,3.02
2026-05-29,5,Hay Point Coal Terminal,4,90.6,2.4
2026-05-29,5,Taboneo Anchorage,0,105.7,1.7
2026-05-30,5,Haldia Dock Complex,3,91.2,3.64
2026-05-30,5,Paradip Port,5,61.3,2.94
2026-05-30,5,Vizag Port,4,86.8,2.49
2026-05-30,5,Dhamra Port,1,60.6,2.01
2026-05-30,5,Hay Point Coal Terminal,6,63.3,2.76
2026-05-30,5,Taboneo Anchorage,5,91.8,2.57
2026-05-31,5,Haldia Dock Complex,8,92.3,4.23
2026-05-31,5,Paradip Port,5,91.3,2.82
2026-05-31,5,Vizag Port,5,96.4,2.58
2026-05-31,5,Dhamra Port,6,38.0,2.5
2026-05-31,5,Hay Point Coal Terminal,5,67.8,2.38
2026-05-31,5,Taboneo Anchorage,3,62.5,2.02
2026-06-01,6,Haldia Dock Complex,3,83.0,4.44
2026-06-01,6,Paradip Port,11,49.2,4.4
2026-06-01,6,Vizag Port,4,82.1,3.23
2026-06-01,6,Dhamra Port,8,51.0,3.52
2026-06-01,6,Hay Point Coal Terminal,8,48.3,3.07
2026-06-01,6,Taboneo Anchorage,1,69.8,2.21
2026-06-02,6,Haldia Dock Complex,4,105.1,4.62
2026-06-02,6,Paradip Port,6,77.6,3.65
2026-06-02,6,Vizag Port,10,76.4,3.79
2026-06-02,6,Dhamra Port,4,50.8,2.73
2026-06-02,6,Hay Point Coal Terminal,7,110.6,3.47
2026-06-02,6,Taboneo Anchorage,6,105.3,3.71
2026-06-03,6,Haldia Dock Complex,4,113.5,4.79
2026-06-03,6,Paradip Port,8,139.3,4.06
2026-06-03,6,Vizag Port,5,52.0,2.52
2026-06-03,6,Dhamra Port,8,72.3,3.41
2026-06-03,6,Hay Point Coal Terminal,8,125.4,3.47
2026-06-03,6,Taboneo Anchorage,5,116.8,3.12
2026-06-04,6,Haldia Dock Complex,1,114.0,4.18
2026-06-04,6,Paradip Port,5,122.1,3.89
2026-06-04,6,Vizag Port,2,137.5,3.21
2026-06-04,6,Dhamra Port,11,89.1,4.07
2026-06-04,6,Hay Point Coal Terminal,12,133.2,4.14
2026-06-04,6,Taboneo Anchorage,6,136.4,3.23
2026-06-05,6,Haldia Dock Complex,8,92.0,5.48
2026-06-05,6,Paradip Port,3,93.8,3.49
2026-06-05,6,Vizag Port,10,83.9,4.0
2026-06-05,6,Dhamra Port,8,97.9,3.55
2026-06-05,6,Hay Point Coal Terminal,10,84.9,4.04
2026-06-05,6,Taboneo Anchorage,6,133.5,3.49
2026-06-06,6,Haldia Dock Complex,6,75.3,4.85
2026-06-06,6,Paradip Port,7,130.0,4.26
2026-06-06,6,Vizag Port,5,131.6,3.04
2026-06-06,6,Dhamra Port,8,90.9,3.1
2026-06-06,6,Hay Point Coal Terminal,10,117.0,3.83
2026-06-06,6,Taboneo Anchorage,3,98.1,2.79
2026-06-07,6,Haldia Dock Complex,12,49.5,5.62
2026-06-07,6,Paradip Port,6,84.1,3.74
2026-06-07,6,Vizag Port,5,96.8,2.87
2026-06-07,6,Dhamra Port,10,143.7,3.92
2026-06-07,6,Hay Point Coal Terminal,7,98.1,3.25
2026-06-07,6,Taboneo Anchorage,5,122.8,2.88
2026-06-08,6,Haldia Dock Complex,4,137.4,4.46
2026-06-08,6,Paradip Port,8,70.1,3.89
2026-06-08,6,Vizag Port,4,108.0,2.87
2026-06-08,6,Dhamra Port,4,85.5,2.79
2026-06-08,6,Hay Point Coal Terminal,5,119.3,3.32
2026-06-08,6,Taboneo Anchorage,6,59.3,2.82
2026-06-09,6,Haldia Dock Complex,5,133.5,5.1
2026-06-09,6,Paradip Port,8,138.2,4.2
2026-06-09,6,Vizag Port,3,52.6,2.41
2026-06-09,6,Dhamra Port,5,115.3,3.39
2026-06-09,6,Hay Point Coal Terminal,10,76.6,3.95
2026-06-09,6,Taboneo Anchorage,10,95.8,3.37
2026-06-10,6,Haldia Dock Complex,2,120.1,4.32
2026-06-10,6,Paradip Port,8,141.6,4.44
2026-06-10,6,Vizag Port,7,89.8,3.07
2026-06-10,6,Dhamra Port,8,134.4,3.79
2026-06-10,6,Hay Point Coal Terminal,10,85.9,4.14
2026-06-10,6,Taboneo Anchorage,2,90.3,2.45
2026-06-11,6,Haldia Dock Complex,7,90.1,5.28
2026-06-11,6,Paradip Port,9,136.3,4.08
2026-06-11,6,Vizag Port,8,90.2,3.33
2026-06-11,6,Dhamra Port,3,48.6,2.38
2026-06-11,6,Hay Point Coal Terminal,6,141.7,3.2
2026-06-11,6,Taboneo Anchorage,3,71.5,2.68
2026-06-12,6,Haldia Dock Complex,5,133.4,5.13
2026-06-12,6,Paradip Port,5,138.2,3.86
2026-06-12,6,Vizag Port,2,52.9,2.67
2026-06-12,6,Dhamra Port,4,75.1,3.07
2026-06-12,6,Hay Point Coal Terminal,8,118.9,3.55
2026-06-12,6,Taboneo Anchorage,9,74.4,3.58
2026-06-13,6,Haldia Dock Complex,8,121.8,5.39
2026-06-13,6,Paradip Port,9,66.0,4.13
2026-06-13,6,Vizag Port,7,124.4,3.53
2026-06-13,6,Dhamra Port,10,71.8,3.79
2026-06-13,6,Hay Point Coal Terminal,8,142.4,3.7
2026-06-13,6,Taboneo Anchorage,6,74.2,3.32
2026-06-14,6,Haldia Dock Complex,7,104.4,5.2
2026-06-14,6,Paradip Port,5,131.5,3.93
2026-06-14,6,Vizag Port,9,89.4,3.6
2026-06-14,6,Dhamra Port,5,126.6,3.52
2026-06-14,6,Hay Point Coal Terminal,6,56.0,2.68
2026-06-14,6,Taboneo Anchorage,8,104.8,3.45
2026-06-15,6,Haldia Dock Complex,7,142.0,5.4
2026-06-15,6,Paradip Port,3,134.9,3.52
2026-06-15,6,Vizag Port,13,116.3,4.01
2026-06-15,6,Dhamra Port,6,57.1,2.99
2026-06-15,6,Hay Point Coal Terminal,5,130.3,3.17
2026-06-15,6,Taboneo Anchorage,4,91.7,2.97
2026-06-16,6,Haldia Dock Complex,3,49.9,4.15
2026-06-16,6,Paradip Port,5,68.1,3.87
2026-06-16,6,Vizag Port,8,120.4,3.64
2026-06-16,6,Dhamra Port,6,112.8,3.25
2026-06-16,6,Hay Point Coal Terminal,8,63.3,3.63
2026-06-16,6,Taboneo Anchorage,9,116.7,3.7
2026-06-17,6,Haldia Dock Complex,7,69.3,5.17
2026-06-17,6,Paradip Port,3,72.5,3.23
2026-06-17,6,Vizag Port,5,115.8,3.03
2026-06-17,6,Dhamra Port,3,63.0,2.77
2026-06-17,6,Hay Point Coal Terminal,3,101.3,2.83
2026-06-17,6,Taboneo Anchorage,6,86.2,3.3
2026-06-18,6,Haldia Dock Complex,9,108.9,5.56
2026-06-18,6,Paradip Port,5,100.3,3.69
2026-06-18,6,Vizag Port,10,79.5,3.64
2026-06-18,6,Dhamra Port,8,87.7,3.34
2026-06-18,6,Hay Point Coal Terminal,4,124.1,3.04
2026-06-18,6,Taboneo Anchorage,8,57.1,3.57
2026-06-19,6,Haldia Dock Complex,7,114.2,5.52
2026-06-19,6,Paradip Port,8,111.1,4.27
2026-06-19,6,Vizag Port,3,111.8,2.87
2026-06-19,6,Dhamra Port,8,75.9,3.57
2026-06-19,6,Hay Point Coal Terminal,6,91.2,3.06
2026-06-19,6,Taboneo Anchorage,6,89.8,2.96
2026-06-20,6,Haldia Dock Complex,11,131.3,5.76
2026-06-20,6,Paradip Port,7,113.7,4.06
2026-06-20,6,Vizag Port,2,58.9,2.51
2026-06-20,6,Dhamra Port,7,80.4,3.3
2026-06-20,6,Hay Point Coal Terminal,10,77.0,3.55
2026-06-20,6,Taboneo Anchorage,5,132.1,2.84
2026-06-21,6,Haldia Dock Complex,7,104.2,5.37
2026-06-21,6,Paradip Port,8,81.4,3.73
2026-06-21,6,Vizag Port,4,77.2,2.82
2026-06-21,6,Dhamra Port,3,126.2,2.87
2026-06-21,6,Hay Point Coal Terminal,5,105.3,2.95
2026-06-21,6,Taboneo Anchorage,7,72.2,3.38
2026-06-22,6,Haldia Dock Complex,3,112.5,4.48
2026-06-22,6,Paradip Port,7,118.6,4.0
2026-06-22,6,Vizag Port,7,123.9,3.37
2026-06-22,6,Dhamra Port,6,69.2,2.91
2026-06-22,6,Hay Point Coal Terminal,4,61.6,2.56
2026-06-22,6,Taboneo Anchorage,5,56.6,2.66
2026-06-23,6,Haldia Dock Complex,9,137.3,5.47
2026-06-23,6,Paradip Port,6,59.8,3.76
2026-06-23,6,Vizag Port,5,100.4,3.14
2026-06-23,6,Dhamra Port,12,103.4,3.95
2026-06-23,6,Hay Point Coal Terminal,6,92.6,3.13
2026-06-23,6,Taboneo Anchorage,4,112.3,3.02
2026-06-24,6,Haldia Dock Complex,8,59.7,5.19
2026-06-24,6,Paradip Port,9,67.6,4.02
2026-06-24,6,Vizag Port,2,78.9,2.66
2026-06-24,6,Dhamra Port,6,128.7,3.4
2026-06-24,6,Hay Point Coal Terminal,8,86.7,3.45
2026-06-24,6,Taboneo Anchorage,9,138.2,3.9
2026-06-25,6,Haldia Dock Complex,10,119.1,5.81
2026-06-25,6,Paradip Port,7,65.1,3.87
2026-06-25,6,Vizag Port,3,54.4,2.86
2026-06-25,6,Dhamra Port,4,81.8,2.75
2026-06-25,6,Hay Point Coal Terminal,7,118.2,3.49
2026-06-25,6,Taboneo Anchorage,5,96.0,3.0
2026-06-26,6,Haldia Dock Complex,3,110.4,4.24
2026-06-26,6,Paradip Port,4,52.0,3.08
2026-06-26,6,Vizag Port,3,95.9,2.97
2026-06-26,6,Dhamra Port,11,94.4,3.82
2026-06-26,6,Hay Point Coal Terminal,6,132.4,3.44
2026-06-26,6,Taboneo Anchorage,5,71.0,2.73
2026-06-27,6,Haldia Dock Complex,5,124.6,5.09
2026-06-27,6,Paradip Port,8,92.9,3.91
2026-06-27,6,Vizag Port,9,72.3,3.41
2026-06-27,6,Dhamra Port,7,110.1,3.35
2026-06-27,6,Hay Point Coal Terminal,3,63.3,2.61
2026-06-27,6,Taboneo Anchorage,7,66.3,3.28
2026-06-28,6,Haldia Dock Complex,13,53.3,5.99
2026-06-28,6,Paradip Port,6,83.0,3.75
2026-06-28,6,Vizag Port,5,48.2,2.85
2026-06-28,6,Dhamra Port,2,106.8,2.9
2026-06-28,6,Hay Point Coal Terminal,4,99.8,2.92
2026-06-28,6,Taboneo Anchorage,7,59.6,3.12
2026-06-29,6,Haldia Dock Complex,9,87.7,5.13
2026-06-29,6,Paradip Port,8,109.9,4.14
2026-06-29,6,Vizag Port,10,54.9,3.85
2026-06-29,6,Dhamra Port,4,67.3,2.66
2026-06-29,6,Hay Point Coal Terminal,6,79.3,3.13
2026-06-29,6,Taboneo Anchorage,10,139.0,3.89
2026-06-30,6,Haldia Dock Complex,3,115.0,4.51
2026-06-30,6,Paradip Port,4,67.3,3.48
2026-06-30,6,Vizag Port,5,109.3,3.11
2026-06-30,6,Dhamra Port,6,104.2,3.43
2026-06-30,6,Hay Point Coal Terminal,9,136.6,3.89
2026-06-30,6,Taboneo Anchorage,9,67.7,3.48
2026-07-01,7,Haldia Dock Complex,5,95.9,4.72
2026-07-01,7,Paradip Port,8,57.2,3.79
2026-07-01,7,Vizag Port,5,140.9,3.29
2026-07-01,7,Dhamra Port,4,109.4,2.93
2026-07-01,7,Hay Point Coal Terminal,12,63.8,4.04
2026-07-01,7,Taboneo Anchorage,8,112.1,3.33
2026-07-02,7,Haldia Dock Complex,10,86.6,5.59
2026-07-02,7,Paradip Port,5,95.5,4.07
2026-07-02,7,Vizag Port,6,96.5,3.17
2026-07-02,7,Dhamra Port,5,95.6,3.02
2026-07-02,7,Hay Point Coal Terminal,5,108.7,3.07
2026-07-02,7,Taboneo Anchorage,8,81.6,3.21
2026-07-03,7,Haldia Dock Complex,10,142.1,5.49
2026-07-03,7,Paradip Port,3,90.7,3.36
2026-07-03,7,Vizag Port,7,92.0,3.39
2026-07-03,7,Dhamra Port,6,120.3,3.82
2026-07-03,7,Hay Point Coal Terminal,5,110.7,3.41
2026-07-03,7,Taboneo Anchorage,7,141.9,3.55
2026-07-04,7,Haldia Dock Complex,5,93.6,4.84
2026-07-04,7,Paradip Port,9,130.5,4.36
2026-07-04,7,Vizag Port,7,69.0,3.23
2026-07-04,7,Dhamra Port,7,109.9,3.4
2026-07-04,7,Hay Point Coal Terminal,6,82.8,3.29
2026-07-04,7,Taboneo Anchorage,10,77.1,3.64
2026-07-05,7,Haldia Dock Complex,3,133.3,4.74
2026-07-05,7,Paradip Port,5,77.7,3.68
2026-07-05,7,Vizag Port,2,70.7,2.3
2026-07-05,7,Dhamra Port,8,112.6,3.41
2026-07-05,7,Hay Point Coal Terminal,6,128.3,3.16
2026-07-05,7,Taboneo Anchorage,6,87.2,3.29
2026-07-06,7,Haldia Dock Complex,7,85.1,5.24
2026-07-06,7,Paradip Port,5,85.5,3.25
2026-07-06,7,Vizag Port,8,84.3,3.52
2026-07-06,7,Dhamra Port,8,92.2,3.53
2026-07-06,7,Hay Point Coal Terminal,4,126.9,3.21
2026-07-06,7,Taboneo Anchorage,5,125.9,3.14
2026-07-07,7,Haldia Dock Complex,6,139.0,5.09
2026-07-07,7,Paradip Port,3,123.9,3.35
2026-07-07,7,Vizag Port,3,73.3,2.82
2026-07-07,7,Dhamra Port,10,131.4,3.88
2026-07-07,7,Hay Point Coal Terminal,5,126.3,3.55
2026-07-07,7,Taboneo Anchorage,9,53.9,3.27
2026-07-08,7,Haldia Dock Complex,8,80.5,5.06
2026-07-08,7,Paradip Port,5,86.0,3.47
2026-07-08,7,Vizag Port,5,126.5,3.13
2026-07-08,7,Dhamra Port,2,77.6,2.39
2026-07-08,7,Hay Point Coal Terminal,7,51.5,3.17
2026-07-08,7,Taboneo Anchorage,10,110.9,4.17
2026-07-09,7,Haldia Dock Complex,7,52.0,4.69
2026-07-09,7,Paradip Port,10,81.4,4.44
2026-07-09,7,Vizag Port,6,77.7,3.01
2026-07-09,7,Dhamra Port,6,109.0,2.98
2026-07-09,7,Hay Point Coal Terminal,7,78.9,3.23
2026-07-09,7,Taboneo Anchorage,4,65.6,2.57
2026-07-10,7,Haldia Dock Complex,7,99.3,5.1
2026-07-10,7,Paradip Port,3,94.6,3.1
2026-07-10,7,Vizag Port,7,97.2,3.0
2026-07-10,7,Dhamra Port,3,62.8,2.47
2026-07-10,7,Hay Point Coal Terminal,4,118.9,3.15
2026-07-10,7,Taboneo Anchorage,4,138.5,3.34
2026-07-11,7,Haldia Dock Complex,4,108.5,4.92
2026-07-11,7,Paradip Port,3,85.9,3.11
2026-07-11,7,Vizag Port,5,67.2,2.55
2026-07-11,7,Dhamra Port,9,106.3,3.62
2026-07-11,7,Hay Point Coal Terminal,4,109.1,2.78
2026-07-11,7,Taboneo Anchorage,7,77.1,3.4
2026-07-12,7,Haldia Dock Complex,6,99.8,4.89
2026-07-12,7,Paradip Port,8,63.5,3.98
2026-07-12,7,Vizag Port,3,58.2,2.24
2026-07-12,7,Dhamra Port,5,137.8,3.34
2026-07-12,7,Hay Point Coal Terminal,6,133.9,3.47
2026-07-12,7,Taboneo Anchorage,11,55.8,4.21
2026-07-13,7,Haldia Dock Complex,8,56.8,5.07
2026-07-13,7,Paradip Port,5,142.2,3.96
2026-07-13,7,Vizag Port,5,100.3,3.26
2026-07-13,7,Dhamra Port,10,130.7,3.98
2026-07-13,7,Hay Point Coal Terminal,5,67.2,2.65
2026-07-13,7,Taboneo Anchorage,8,87.4,3.37
2026-07-14,7,Haldia Dock Complex,9,134.5,5.72
2026-07-14,7,Paradip Port,5,89.3,3.82
2026-07-14,7,Vizag Port,8,94.1,3.43
2026-07-14,7,Dhamra Port,5,104.1,2.84
2026-07-14,7,Hay Point Coal Terminal,4,101.5,2.71
2026-07-14,7,Taboneo Anchorage,7,112.1,3.05
2026-07-15,7,Haldia Dock Complex,4,98.9,4.67
2026-07-15,7,Paradip Port,8,110.0,4.13
2026-07-15,7,Vizag Port,4,62.6,2.98
2026-07-15,7,Dhamra Port,5,66.8,2.8
2026-07-15,7,Hay Point Coal Terminal,9,122.0,4.14
2026-07-15,7,Taboneo Anchorage,6,124.7,3.19
2026-07-16,7,Haldia Dock Complex,6,129.1,5.3
2026-07-16,7,Paradip Port,3,116.5,3.54
2026-07-16,7,Vizag Port,4,116.5,3.02
2026-07-16,7,Dhamra Port,2,114.7,2.74
2026-07-16,7,Hay Point Coal Terminal,13,74.1,3.89
2026-07-16,7,Taboneo Anchorage,10,120.8,3.86
2026-07-17,7,Haldia Dock Complex,8,137.9,5.61
2026-07-17,7,Paradip Port,7,91.0,4.07
2026-07-17,7,Vizag Port,3,92.8,2.6
2026-07-17,7,Dhamra Port,3,61.3,2.58
2026-07-17,7,Hay Point Coal Terminal,4,76.6,2.68
2026-07-17,7,Taboneo Anchorage,3,108.3,3.03
2026-07-18,7,Haldia Dock Complex,3,108.4,4.67
2026-07-18,7,Paradip Port,6,132.1,3.54
2026-07-18,7,Vizag Port,9,72.7,3.7
2026-07-18,7,Dhamra Port,6,51.3,2.88
2026-07-18,7,Hay Point Coal Terminal,6,68.9,3.11
2026-07-18,7,Taboneo Anchorage,7,110.7,3.55
2026-07-19,7,Haldia Dock Complex,8,82.1,5.24
2026-07-19,7,Paradip Port,2,140.7,3.47
2026-07-19,7,Vizag Port,5,89.9,2.78
2026-07-19,7,Dhamra Port,7,111.9,3.5
2026-07-19,7,Hay Point Coal Terminal,2,121.9,2.44
2026-07-19,7,Taboneo Anchorage,3,128.1,3.08
2026-07-20,7,Haldia Dock Complex,10,54.4,5.24
2026-07-20,7,Paradip Port,6,96.4,3.48
2026-07-20,7,Vizag Port,5,52.3,3.06
2026-07-20,7,Dhamra Port,9,102.7,3.71
2026-07-20,7,Hay Point Coal Terminal,10,99.0,4.09
2026-07-20,7,Taboneo Anchorage,3,89.0,2.96
2026-07-21,7,Haldia Dock Complex,4,53.5,4.19
2026-07-21,7,Paradip Port,4,56.9,3.27
2026-07-21,7,Vizag Port,6,63.4,3.15
2026-07-21,7,Dhamra Port,5,72.5,2.6
2026-07-21,7,Hay Point Coal Terminal,4,143.1,2.94
2026-07-21,7,Taboneo Anchorage,9,130.9,3.77
2026-07-22,7,Haldia Dock Complex,4,89.0,5.04
2026-07-22,7,Paradip Port,8,129.7,4.22
2026-07-22,7,Vizag Port,6,61.7,3.25
2026-07-22,7,Dhamra Port,12,59.6,4.17
2026-07-22,7,Hay Point Coal Terminal,3,84.7,2.71
2026-07-22,7,Taboneo Anchorage,2,93.8,2.84
2026-07-23,7,Haldia Dock Complex,6,99.0,4.99
2026-07-23,7,Paradip Port,6,75.6,3.56
2026-07-23,7,Vizag Port,5,121.2,3.22
2026-07-23,7,Dhamra Port,6,63.2,3.04
2026-07-23,7,Hay Point Coal Terminal,4,87.7,2.98
2026-07-23,7,Taboneo Anchorage,5,97.5,3.12
2026-07-24,7,Haldia Dock Complex,4,113.0,5.2
2026-07-24,7,Paradip Port,7,63.6,3.9
2026-07-24,7,Vizag Port,10,137.7,4.25
2026-07-24,7,Dhamra Port,5,83.8,3.08
2026-07-24,7,Hay Point Coal Terminal,8,100.1,3.71
2026-07-24,7,Taboneo Anchorage,5,100.0,2.8
2026-07-25,7,Haldia Dock Complex,9,131.5,5.79
2026-07-25,7,Paradip Port,1,75.0,2.85
2026-07-25,7,Vizag Port,7,94.8,3.16
2026-07-25,7,Dhamra Port,7,142.6,3.62
2026-07-25,7,Hay Point Coal Terminal,4,83.7,2.79
2026-07-25,7,Taboneo Anchorage,5,70.1,2.9
2026-07-26,7,Haldia Dock Complex,4,61.9,4.31
2026-07-26,7,Paradip Port,4,124.6,3.68
2026-07-26,7,Vizag Port,6,94.8,3.3
2026-07-26,7,Dhamra Port,2,114.6,2.41
2026-07-26,7,Hay Point Coal Terminal,9,100.8,3.66
2026-07-26,7,Taboneo Anchorage,6,126.8,2.94
2026-07-27,7,Haldia Dock Complex,4,63.5,4.61
2026-07-27,7,Paradip Port,4,135.6,3.68
2026-07-27,7,Vizag Port,4,84.5,3.13
2026-07-27,7,Dhamra Port,6,72.9,3.21
2026-07-27,7,Hay Point Coal Terminal,3,128.3,2.91
2026-07-27,7,Taboneo Anchorage,8,129.4,4.22
2026-07-28,7,Haldia Dock Complex,5,79.4,4.82
2026-07-28,7,Paradip Port,4,140.7,3.74
2026-07-28,7,Vizag Port,3,80.4,3.06
2026-07-28,7,Dhamra Port,2,133.2,2.8
2026-07-28,7,Hay Point Coal Terminal,6,75.9,2.79
2026-07-28,7,Taboneo Anchorage,9,91.3,3.18
2026-07-29,7,Haldia Dock Complex,6,63.0,4.79
2026-07-29,7,Paradip Port,7,138.1,4.02
2026-07-29,7,Vizag Port,3,89.2,2.52
2026-07-29,7,Dhamra Port,7,139.6,3.73
2026-07-29,7,Hay Point Coal Terminal,10,102.1,3.93
2026-07-29,7,Taboneo Anchorage,8,95.8,3.56
2026-07-30,7,Haldia Dock Complex,6,108.8,5.2
2026-07-30,7,Paradip Port,3,108.2,3.42
2026-07-30,7,Vizag Port,2,77.5,2.01
2026-07-30,7,Dhamra Port,9,94.0,3.64
2026-07-30,7,Hay Point Coal Terminal,7,132.2,3.57
2026-07-30,7,Taboneo Anchorage,2,66.2,2.25
2026-07-31,7,Haldia Dock Complex,3,99.3,4.79
2026-07-31,7,Paradip Port,10,117.0,4.51
2026-07-31,7,Vizag Port,5,73.0,2.89
2026-07-31,7,Dhamra Port,13,82.2,4.05
2026-07-31,7,Hay Point Coal Terminal,7,81.3,3.37
2026-07-31,7,Taboneo Anchorage,5,93.7,3.13
2026-08-01,8,Haldia Dock Complex,4,72.2,4.43
2026-08-01,8,Paradip Port,7,125.8,4.12
2026-08-01,8,Vizag Port,8,88.8,3.44
2026-08-01,8,Dhamra Port,6,87.4,3.28
2026-08-01,8,Hay Point Coal Terminal,4,69.8,2.99
2026-08-01,8,Taboneo Anchorage,6,76.1,2.86
2026-08-02,8,Haldia Dock Complex,4,64.4,4.59
2026-08-02,8,Paradip Port,8,96.8,3.89
2026-08-02,8,Vizag Port,4,68.7,2.95
2026-08-02,8,Dhamra Port,3,122.8,3.01
2026-08-02,8,Hay Point Coal Terminal,5,111.8,2.81
2026-08-02,8,Taboneo Anchorage,9,115.8,4.2
2026-08-03,8,Haldia Dock Complex,5,97.3,4.61
2026-08-03,8,Paradip Port,3,53.8,2.6
2026-08-03,8,Vizag Port,5,90.8,3.15
2026-08-03,8,Dhamra Port,9,70.0,3.69
2026-08-03,8,Hay Point Coal Terminal,7,101.2,3.14
2026-08-03,8,Taboneo Anchorage,12,104.7,3.99
2026-08-04,8,Haldia Dock Complex,6,131.0,4.86
2026-08-04,8,Paradip Port,8,140.4,4.17
2026-08-04,8,Vizag Port,8,114.8,3.39
2026-08-04,8,Dhamra Port,4,87.8,3.11
2026-08-04,8,Hay Point Coal Terminal,11,137.7,4.11
2026-08-04,8,Taboneo Anchorage,4,120.7,2.91
2026-08-05,8,Haldia Dock Complex,5,80.3,4.46
2026-08-05,8,Paradip Port,4,143.3,3.43
2026-08-05,8,Vizag Port,5,128.3,3.33
2026-08-05,8,Dhamra Port,5,102.0,3.22
2026-08-05,8,Hay Point Coal Terminal,8,130.5,3.6
2026-08-05,8,Taboneo Anchorage,6,114.5,3.24
2026-08-06,8,Haldia Dock Complex,4,98.8,4.43
2026-08-06,8,Paradip Port,9,52.4,4.19
2026-08-06,8,Vizag Port,6,140.0,3.05
2026-08-06,8,Dhamra Port,6,69.0,3.33
2026-08-06,8,Hay Point Coal Terminal,6,103.9,3.45
2026-08-06,8,Taboneo Anchorage,8,73.0,3.6
2026-08-07,8,Haldia Dock Complex,7,124.5,4.89
2026-08-07,8,Paradip Port,6,96.2,3.67
2026-08-07,8,Vizag Port,7,50.0,3.04
2026-08-07,8,Dhamra Port,5,112.3,3.01
2026-08-07,8,Hay Point Coal Terminal,4,87.1,2.85
2026-08-07,8,Taboneo Anchorage,7,60.1,3.17
2026-08-08,8,Haldia Dock Complex,10,93.9,5.37
2026-08-08,8,Paradip Port,7,62.1,3.75
2026-08-08,8,Vizag Port,8,142.3,3.67
2026-08-08,8,Dhamra Port,10,132.7,3.89
2026-08-08,8,Hay Point Coal Terminal,6,57.9,2.87
2026-08-08,8,Taboneo Anchorage,7,113.9,3.6
2026-08-09,8,Haldia Dock Complex,5,141.9,4.73
2026-08-09,8,Paradip Port,5,52.9,3.34
2026-08-09,8,Vizag Port,8,106.0,3.69
2026-08-09,8,Dhamra Port,5,62.4,3.05
2026-08-09,8,Hay Point Coal Terminal,4,63.5,2.88
2026-08-09,8,Taboneo Anchorage,4,66.9,2.68
2026-08-10,8,Haldia Dock Complex,5,60.0,4.65
2026-08-10,8,Paradip Port,6,107.3,4.12
2026-08-10,8,Vizag Port,5,101.7,3.09
2026-08-10,8,Dhamra Port,6,66.3,3.22
2026-08-10,8,Hay Point Coal Terminal,6,135.5,3.06
2026-08-10,8,Taboneo Anchorage,5,127.6,2.95
2026-08-11,8,Haldia Dock Complex,5,139.0,4.97
2026-08-11,8,Paradip Port,7,118.4,3.81
2026-08-11,8,Vizag Port,8,143.5,3.77
2026-08-11,8,Dhamra Port,8,120.6,3.39
2026-08-11,8,Hay Point Coal Terminal,4,109.2,2.65
2026-08-11,8,Taboneo Anchorage,7,54.4,3.17
2026-08-12,8,Haldia Dock Complex,8,121.6,5.34
2026-08-12,8,Paradip Port,8,85.9,4.04
2026-08-12,8,Vizag Port,3,134.5,2.85
2026-08-12,8,Dhamra Port,6,141.8,3.31
2026-08-12,8,Hay Point Coal Terminal,10,91.9,3.51
2026-08-12,8,Taboneo Anchorage,5,119.4,3.35
2026-08-13,8,Haldia Dock Complex,4,62.0,4.28
2026-08-13,8,Paradip Port,3,127.0,3.22
2026-08-13,8,Vizag Port,5,108.2,3.28
2026-08-13,8,Dhamra Port,7,83.8,3.74
2026-08-13,8,Hay Point Coal Terminal,6,117.9,2.96
2026-08-13,8,Taboneo Anchorage,11,91.8,3.89
2026-08-14,8,Haldia Dock Complex,5,80.9,4.99
2026-08-14,8,Paradip Port,7,119.1,4.06
2026-08-14,8,Vizag Port,10,124.4,3.52
2026-08-14,8,Dhamra Port,7,129.0,3.27
2026-08-14,8,Hay Point Coal Terminal,7,120.7,2.99
2026-08-14,8,Taboneo Anchorage,4,54.1,2.64
2026-08-15,8,Haldia Dock Complex,6,135.5,4.93
2026-08-15,8,Paradip Port,3,63.1,3.17
2026-08-15,8,Vizag Port,7,56.6,3.39
2026-08-15,8,Dhamra Port,3,77.4,2.61
2026-08-15,8,Hay Point Coal Terminal,6,71.9,2.97
2026-08-15,8,Taboneo Anchorage,5,81.4,2.96
2026-08-16,8,Haldia Dock Complex,14,90.2,6.14
2026-08-16,8,Paradip Port,5,50.7,3.45
2026-08-16,8,Vizag Port,5,59.6,3.05
2026-08-16,8,Dhamra Port,8,129.9,3.51
2026-08-16,8,Hay Point Coal Terminal,4,74.9,3.08
2026-08-16,8,Taboneo Anchorage,5,60.0,3.0
2026-08-17,8,Haldia Dock Complex,6,64.2,4.85
2026-08-17,8,Paradip Port,5,96.1,3.52
2026-08-17,8,Vizag Port,5,120.9,3.08
2026-08-17,8,Dhamra Port,3,99.7,2.88
2026-08-17,8,Hay Point Coal Terminal,4,66.5,2.73
2026-08-17,8,Taboneo Anchorage,7,89.9,3.33
2026-08-18,8,Haldia Dock Complex,3,114.6,4.9
2026-08-18,8,Paradip Port,7,118.2,3.95
2026-08-18,8,Vizag Port,9,130.0,4.09
2026-08-18,8,Dhamra Port,8,126.9,3.95
2026-08-18,8,Hay Point Coal Terminal,5,124.5,2.94
2026-08-18,8,Taboneo Anchorage,8,133.9,3.39
2026-08-19,8,Haldia Dock Complex,9,133.0,5.77
2026-08-19,8,Paradip Port,3,126.5,3.18
2026-08-19,8,Vizag Port,2,52.0,2.12
2026-08-19,8,Dhamra Port,9,74.7,3.66
2026-08-19,8,Hay Point Coal Terminal,4,57.1,2.52
2026-08-19,8,Taboneo Anchorage,9,74.9,3.46
2026-08-20,8,Haldia Dock Complex,9,105.7,5.32
2026-08-20,8,Paradip Port,5,59.7,3.48
2026-08-20,8,Vizag Port,4,59.4,2.74
2026-08-20,8,Dhamra Port,8,78.6,3.4
2026-08-20,8,Hay Point Coal Terminal,6,97.9,2.86
2026-08-20,8,Taboneo Anchorage,6,87.2,2.99
2026-08-21,8,Haldia Dock Complex,5,135.2,5.3
2026-08-21,8,Paradip Port,5,82.9,3.97
2026-08-21,8,Vizag Port,8,78.2,3.28
2026-08-21,8,Dhamra Port,6,68.8,2.66
2026-08-21,8,Hay Point Coal Terminal,6,140.6,3.35
2026-08-21,8,Taboneo Anchorage,8,95.8,3.71
2026-08-22,8,Haldia Dock Complex,8,144.0,5.5
2026-08-22,8,Paradip Port,5,72.6,3.43
2026-08-22,8,Vizag Port,6,94.7,3.0
2026-08-22,8,Dhamra Port,5,105.6,3.04
2026-08-22,8,Hay Point Coal Terminal,8,59.4,3.28
2026-08-22,8,Taboneo Anchorage,5,80.5,3.08
2026-08-23,8,Haldia Dock Complex,3,141.7,4.5
2026-08-23,8,Paradip Port,6,83.4,3.56
2026-08-23,8,Vizag Port,9,71.5,3.2
2026-08-23,8,Dhamra Port,6,105.3,3.36
2026-08-23,8,Hay Point Coal Terminal,9,128.3,3.8
2026-08-23,8,Taboneo Anchorage,3,105.0,2.61
2026-08-24,8,Haldia Dock Complex,8,110.9,5.28
2026-08-24,8,Paradip Port,6,93.1,3.78
2026-08-24,8,Vizag Port,6,78.7,3.26
2026-08-24,8,Dhamra Port,9,50.2,3.58
2026-08-24,8,Hay Point Coal Terminal,5,113.9,3.05
2026-08-24,8,Taboneo Anchorage,8,133.5,3.41
2026-08-25,8,Haldia Dock Complex,9,73.9,5.53
2026-08-25,8,Paradip Port,7,69.2,3.58
2026-08-25,8,Vizag Port,9,104.3,3.58
2026-08-25,8,Dhamra Port,5,96.1,2.88
2026-08-25,8,Hay Point Coal Terminal,7,86.8,3.34
2026-08-25,8,Taboneo Anchorage,2,76.0,2.43
2026-08-26,8,Haldia Dock Complex,6,82.5,4.86
2026-08-26,8,Paradip Port,8,112.5,4.92
2026-08-26,8,Vizag Port,8,142.9,3.78
2026-08-26,8,Dhamra Port,7,60.0,2.93
2026-08-26,8,Hay Point Coal Terminal,5,123.1,3.01
2026-08-26,8,Taboneo Anchorage,10,128.9,3.9
2026-08-27,8,Haldia Dock Complex,2,55.5,3.86
2026-08-27,8,Paradip Port,3,88.2,3.22
2026-08-27,8,Vizag Port,8,120.5,3.6
2026-08-27,8,Dhamra Port,8,116.2,3.35
2026-08-27,8,Hay Point Coal Terminal,13,92.9,4.21
2026-08-27,8,Taboneo Anchorage,6,81.5,3.45
2026-08-28,8,Haldia Dock Complex,8,131.6,5.39
2026-08-28,8,Paradip Port,4,79.8,3.56
2026-08-28,8,Vizag Port,9,98.3,3.44
2026-08-28,8,Dhamra Port,6,103.4,3.25
2026-08-28,8,Hay Point Coal Terminal,3,143.4,3.06
2026-08-28,8,Taboneo Anchorage,7,107.6,3.28
2026-08-29,8,Haldia Dock Complex,5,111.1,4.88
2026-08-29,8,Paradip Port,6,60.2,3.55
2026-08-29,8,Vizag Port,8,63.5,3.61
2026-08-29,8,Dhamra Port,4,118.5,2.92
2026-08-29,8,Hay Point Coal Terminal,4,94.1,2.73
2026-08-29,8,Taboneo Anchorage,8,71.0,3.02
2026-08-30,8,Haldia Dock Complex,0,125.1,4.34
2026-08-30,8,Paradip Port,5,127.3,3.97
2026-08-30,8,Vizag Port,6,70.6,3.02
2026-08-30,8,Dhamra Port,8,108.5,3.55
2026-08-30,8,Hay Point Coal Terminal,2,122.7,2.47
2026-08-30,8,Taboneo Anchorage,6,85.7,3.0
2026-08-31,8,Haldia Dock Complex,13,74.1,5.94
2026-08-31,8,Paradip Port,4,130.1,3.27
2026-08-31,8,Vizag Port,2,56.2,2.59
2026-08-31,8,Dhamra Port,5,124.6,3.35
2026-08-31,8,Hay Point Coal Terminal,3,52.3,2.62
2026-08-31,8,Taboneo Anchorage,6,141.2,3.76
2026-09-01,9,Haldia Dock Complex,4,137.6,4.85
2026-09-01,9,Paradip Port,10,50.1,4.2
2026-09-01,9,Vizag Port,3,129.2,2.85
2026-09-01,9,Dhamra Port,7,94.1,3.33
2026-09-01,9,Hay Point Coal Terminal,4,135.5,3.09
2026-09-01,9,Taboneo Anchorage,7,106.3,2.99
2026-09-02,9,Haldia Dock Complex,9,50.6,5.41
2026-09-02,9,Paradip Port,3,94.9,3.39
2026-09-02,9,Vizag Port,5,99.5,3.29
2026-09-02,9,Dhamra Port,6,86.1,3.31
2026-09-02,9,Hay Point Coal Terminal,3,88.0,2.22
2026-09-02,9,Taboneo Anchorage,7,117.4,3.25
2026-09-03,9,Haldia Dock Complex,8,89.9,5.33
2026-09-03,9,Paradip Port,4,122.4,3.63
2026-09-03,9,Vizag Port,7,97.6,2.97
2026-09-03,9,Dhamra Port,4,133.2,2.96
2026-09-03,9,Hay Point Coal Terminal,17,80.1,4.6
2026-09-03,9,Taboneo Anchorage,9,136.9,3.98
2026-09-04,9,Haldia Dock Complex,7,99.7,5.23
2026-09-04,9,Paradip Port,5,103.6,3.69
2026-09-04,9,Vizag Port,8,73.6,3.39
2026-09-04,9,Dhamra Port,9,55.8,3.74
2026-09-04,9,Hay Point Coal Terminal,5,99.8,3.14
2026-09-04,9,Taboneo Anchorage,7,122.3,3.42
2026-09-05,9,Haldia Dock Complex,4,115.7,4.72
2026-09-05,9,Paradip Port,5,50.2,3.4
2026-09-05,9,Vizag Port,8,96.0,3.28
2026-09-05,9,Dhamra Port,1,79.2,2.41
2026-09-05,9,Hay Point Coal Terminal,4,50.5,2.57
2026-09-05,9,Taboneo Anchorage,5,134.3,3.06
2026-09-06,9,Haldia Dock Complex,5,88.7,4.69
2026-09-06,9,Paradip Port,4,104.4,3.57
2026-09-06,9,Vizag Port,6,105.0,3.08
2026-09-06,9,Dhamra Port,4,77.4,3.0
2026-09-06,9,Hay Point Coal Terminal,4,122.6,3.26
2026-09-06,9,Taboneo Anchorage,3,105.4,2.69
2026-09-07,9,Haldia Dock Complex,9,130.0,5.69
2026-09-07,9,Paradip Port,9,60.9,4.08
2026-09-07,9,Vizag Port,3,78.0,2.63
2026-09-07,9,Dhamra Port,7,141.8,3.85
2026-09-07,9,Hay Point Coal Terminal,5,117.5,3.13
2026-09-07,9,Taboneo Anchorage,8,72.5,3.24
2026-09-08,9,Haldia Dock Complex,8,53.7,4.82
2026-09-08,9,Paradip Port,2,139.9,3.71
2026-09-08,9,Vizag Port,8,51.2,3.47
2026-09-08,9,Dhamra Port,6,114.1,3.2
2026-09-08,9,Hay Point Coal Terminal,8,49.8,3.22
2026-09-08,9,Taboneo Anchorage,8,51.0,3.34
2026-09-09,9,Haldia Dock Complex,5,50.8,4.63
2026-09-09,9,Paradip Port,7,111.5,4.31
2026-09-09,9,Vizag Port,5,113.0,3.08
2026-09-09,9,Dhamra Port,12,66.9,3.84
2026-09-09,9,Hay Point Coal Terminal,6,97.2,3.37
2026-09-09,9,Taboneo Anchorage,5,58.7,2.77
2026-09-10,9,Haldia Dock Complex,7,116.5,4.97
2026-09-10,9,Paradip Port,4,108.1,3.47
2026-09-10,9,Vizag Port,9,60.3,3.38
2026-09-10,9,Dhamra Port,7,85.6,3.53
2026-09-10,9,Hay Point Coal Terminal,6,136.6,3.37
2026-09-10,9,Taboneo Anchorage,6,109.9,3.13
